DATE,0,1,2,3,4,5,6,7,8,9,10,11,12,13,14,15,16,17,18,19,20,21,22,23
2023-07-31,28.811166667,44.840066667,36.797566667,36.484866667,18.509733333,35.744066667,34.781566667,27.480966667,47.532433333,56.514733333,26.325166667,48.263066667,53.803833333,83.878766667,79.4083,78.038166667,54.788,79.306166667,67.680033333,79.452833333,56.5712,64.6688,79.610433333,99.954733333
2023-07-30,62.206366667,39.778466667,14.830966667,13.101366667,34.534333333,15.639766667,34.5375,22.0048,13.196866667,21.9511,17.679166667,27.144866667,29.373266667,52.471366667,49.4937,93.2784,115.297833333,80.377266667,73.454066667,70.729533333,25.819833333,11.974333333,14.996733333,23.1288
2023-07-29,131.940966667,107.1495,38.839133333,46.946466667,83.050666667,2.7485,21.748466667,15.6299,28.775566667,22.7762,19.522733333,8.1906,13.965266667,24.690866667,21.309833333,25.365966667,99.1406,91.423133333,91.306666667,89.283966667,36.0303,28.795966667,60.8005,63.029866667
2023-07-28,24.985133333,42.1813,70.837633333,63.4096,114.641866667,88.710966667,61.846766667,95.3447,57.261533333,70.012066667,49.2215,55.120766667,46.3006,58.381866667,90.942166667,57.821866667,66.571466667,59.021433333,45.2309,47.869966667,46.321033333,78.376733333,165.299866667,170.999333333
2023-07-27,159.204,114.495233333,161.3684,164.127333333,96.036233333,83.268233333,66.672933333,47.511633333,46.4836,44.0283,53.170166667,74.494066667,102.7002,93.631233333,149.8155,146.254633333,162.255733333,144.584266667,135.2252,111.4257,126.272,127.927733333,44.401866667,37.0575
2023-07-26,247.1461,215.000866667,113.6051,119.0571,95.0763,85.149966667,85.2287,52.610633333,112.7392,106.467,101.9025,189.808666667,181.501233333,160.8193,177.853433333,147.944533333,108.800933333,132.081566667,88.622366667,100.8922,104.379566667,101.186566667,174.336233333,197.712666667
2023-07-25,184.153066667,230.542666667,227.514666667,200.7802,223.779866667,237.082933333,210.910633333,250.3633,193.304133333,183.3549,152.591166667,155.146566667,228.262366667,229.038333333,237.650266667,242.1278,238.382933333,259.2367,255.436666667,214.556,201.701333333,177.7964,161.369733333,234.5476
2023-07-24,144.585066667,151.773666667,149.280666667,142.578266667,114.334033333,119.317,145.003733333,93.9182,190.8403,186.898766667,239.123066667,199.319433333,172.519333333,165.848266667,168.762233333,155.054066667,146.783966667,171.128166667,229.0257,201.9466,154.9778,142.266533333,197.8656,222.969266667
2023-07-23,69.7846,69.012733333,41.238533333,31.2658,53.0804,96.7221,11.101533333,49.344633333,131.5567,135.498033333,111.065166667,113.7019,70.0455,38.143,54.247866667,42.045933333,37.4231,37.6281,38.109166667,39.237066667,49.337,44.5646,110.694533333,113.570233333
2023-07-22,27.804833333,18.5584,40.294466667,41.8098,7.964533333,1.797333333,4.820733333,6.173233333,4.2685,17.902,3.773333333,1.230533333,1.800933333,4.1758,2.814533333,0.8853333333,1.853433333,10.185933333,13.533866667,47.295766667,156.2663,150.2209,145.682466667,131.415666667
2023-07-21,144.2011,53.076833333,140.706766667,228.4023,186.249033333,171.370466667,103.245366667,66.310333333,27.430566667,0.5739,7.145333333,70.7243,56.1232,83.649833333,100.621333333,72.635633333,62.506833333,85.5965,76.961266667,87.900733333,53.5696,46.5724,35.517233333,53.1842
2023-07-20,118.3369,56.223,78.807566667,73.6411,89.634166667,38.6407,7.851333333,9.013833333,0.9301,3.055366667,21.9782,12.681066667,6.264533333,13.471233333,30.3827,42.454133333,95.693933333,78.329066667,73.2523,87.397133333,124.631733333,67.4369,38.8635,95.9968
2023-07-19,243.122666667,243.8047,255.3833,238.805566667,252.2323,265.233066667,265.478266667,264.990766667,203.5609,164.075633333,197.286233333,218.182733333,215.930166667,207.621533333,185.503933333,171.793233333,165.442733333,129.0028,134.959733333,102.512133333,165.1862,150.058133333,76.285,136.013933333
2023-07-18,145.092166667,207.199533333,257.267133333,264.788533333,265.369666667,265.058966667,264.5868,265.3972,265.06,237.279666667,206.515366667,210.695833333,257.049766667,259.5753,248.8932,263.334466667,261.680533333,252.5588,218.670633333,181.858766667,197.451433333,151.211866667,194.7586,248.2429
2023-07-17,148.1331,136.189966667,102.1666,120.361266667,83.230266667,101.7655,153.430933333,125.9477,133.545866667,134.8592,135.185066667,69.849066667,115.455066667,155.985433333,124.793233333,111.495233333,115.868533333,129.635466667,115.286566667,161.2746,161.9317,189.303333333,211.383566667,191.990433333
2023-07-16,145.665166667,202.0508,69.1943,10.915166667,0.1141666667,1.100866667,12.6428,40.8222,64.1135,54.720733333,39.641233333,11.6978,9.937733333,5.930333333,14.196566667,21.276166667,19.353166667,12.369633333,24.880433333,46.1607,45.8209,108.3768,167.333833333,190.327233333
2023-07-15,83.061166667,144.863233333,71.5471,126.921366667,96.833733333,147.517833333,164.960133333,131.9149,84.506533333,34.0742,34.857866667,107.255833333,29.313533333,21.862766667,8.676766667,8.261866667,14.766366667,29.651366667,62.3885,48.8732,102.4601,72.0369,50.4554,11.259766667
2023-07-14,196.2474,140.1933,197.952333333,103.164733333,52.692633333,64.916633333,115.221466667,27.071833333,10.8299,21.8088,78.058166667,124.274266667,93.948033333,69.683033333,108.254933333,95.966366667,94.796466667,59.9714,43.558766667,30.4497,29.205933333,29.466766667,28.934833333,35.301133333
2023-07-13,36.840033333,47.730766667,34.696766667,37.6347,59.572,109.658966667,108.3744,52.763,47.281433333,76.050533333,53.0369,6.343133333,1.643333333,1.285033333,10.081233333,28.0601,96.6014,177.625333333,121.7795,53.984066667,150.136466667,121.578066667,72.5849,79.787433333
2023-07-12,185.694466667,107.236833333,72.7604,136.621133333,193.639733333,197.586433333,258.367866667,264.747066667,224.692533333,205.9341,145.474,64.699166667,30.052633333,13.150466667,0.3395,1.628766667,6.244066667,8.897933333,68.331433333,107.888233333,73.3259,58.548666667,66.458866667,13.680166667
2023-07-11,94.0859,95.577466667,150.045566667,24.634666667,4.224033333,13.861866667,6.799766667,26.9869,8.340733333,43.805333333,99.9554,154.296,164.255366667,90.676233333,58.6939,134.3526,101.386633333,105.924966667,94.9784,131.391833333,212.3525,212.6359,234.5826,223.137966667
2023-07-10,39.735433333,52.8937,40.566666667,43.549566667,14.7729,7.716,35.587166667,12.391966667,19.4039,21.153733333,42.424133333,20.9842,23.0191,59.4399,68.734333333,97.147433333,35.721466667,34.784233333,79.145366667,74.302133333,114.308966667,26.845666667,15.3342,7.129033333
2023-07-09,76.356966667,183.874333333,246.833166667,150.494566667,86.7653,83.5483,34.678166667,27.230066667,17.575,12.287733333,16.192366667,9.1644,5.931466667,21.3369,28.8922,21.967666667,7.829766667,4.8703,8.916833333,17.378,25.725933333,23.705266667,39.814266667,18.67
2023-07-08,114.333866667,42.864233333,26.613166667,82.731066667,152.675466667,77.818033333,56.051333333,41.166533333,39.9521,23.599866667,17.909933333,15.519333333,66.306466667,75.800966667,91.162,71.137633333,86.347466667,90.302733333,88.422733333,52.2259,68.7617,125.422133333,57.225066667,75.880166667
2023-07-07,224.173366667,124.4304,204.811033333,152.8776,116.7835,76.069633333,108.799233333,100.2535,129.951466667,159.090433333,175.8575,188.148833333,234.808233333,214.711666667,256.984133333,258.165166667,235.1396,250.205866667,131.712766667,57.776533333,32.652233333,45.795133333,53.0176,167.539533333
2023-07-06,174.704333333,239.4514,214.238366667,121.2089,265.384566667,237.306,213.732266667,130.3496,48.715466667,38.116833333,83.904733333,77.986233333,88.450333333,80.667733333,64.2385,68.425233333,85.935733333,108.712366667,110.2397,136.932433333,135.751333333,112.610866667,179.360166667,222.818833333
2023-07-05,202.4095,162.750233333,174.7304,178.1272,176.491066667,94.408833333,42.349733333,33.883966667,100.289933333,77.937833333,40.110233333,32.771133333,29.769666667,32.5323,28.181633333,51.9366,69.008233333,102.9156,164.5595,123.417566667,98.546533333,224.433666667,204.015266667,170.672633333
2023-07-04,18.3147,50.2158,79.8892,109.315633333,85.136266667,55.851766667,29.817866667,24.271333333,11.650466667,19.0935,36.6653,32.383666667,23.136866667,24.685633333,23.692333333,20.503633333,36.983066667,34.383466667,38.079733333,45.056933333,61.471533333,115.059333333,127.6309,154.908233333
2023-07-03,161.045433333,108.558666667,15.4918,98.739066667,92.330766667,4.052766667,0.06113333333,1.891233333,1.439333333,17.349533333,19.001566667,23.757466667,29.0269,43.568766667,0.7526,14.9073,18.976433333,17.470466667,16.1554,42.078766667,36.6087,21.259666667,21.024933333,12.195466667
2023-07-02,74.8018,87.3999,67.139266667,71.6193,46.036166667,29.060066667,66.270933333,44.6564,12.3889,1.920133333,0.9727666667,4.124233333,7.601333333,11.535566667,17.7038,31.6714,30.8094,41.788466667,50.113,229.795633333,252.3235,36.089166667,8.191,49.112666667
2023-07-01,59.894966667,258.9921,238.801366667,64.5555,21.2801,17.6941,43.095266667,2.111766667,1.352066667,1.6174,0,0.08926666667,6.451333333,0.6547,0.2653,1.4638,10.109,2.532233333,30.0263,75.8362,40.177233333,30.231333333,31.008366667,45.661333333
2023-06-30,152.8187,132.366866667,193.741133333,198.915333333,179.420233333,106.436466667,54.8556,35.4666,58.107866667,57.0399,31.801533333,18.0673,22.906666667,12.616233333,79.405866667,98.729633333,99.113266667,64.9409,8.8729,17.1857,2.5269,16.909366667,57.4246,40.837566667
2023-06-29,184.552333333,215.536366667,228.828766667,208.932366667,147.1547,165.029,136.2403,66.4178,140.387633333,125.5926,155.498466667,179.334466667,181.937366667,170.3956,187.418266667,191.449166667,183.745233333,215.381933333,200.3679,121.324533333,178.422833333,163.775033333,146.917533333,164.342
2023-06-28,146.912966667,64.285533333,261.529766667,260.477033333,265.3264,263.6337,177.661066667,106.266966667,126.754966667,230.680033333,248.233466667,242.039533333,251.1004,228.178433333,194.216933333,210.949,201.488566667,252.7449,220.600833333,161.796,189.2949,215.325966667,170.041133333,212.741166667
2023-06-27,150.285433333,164.250833333,190.5232,92.9497,98.5485,81.517266667,172.806933333,217.0049,202.025533333,102.926533333,87.961033333,101.125766667,114.1419,71.859233333,210.4031,251.4494,256.089466667,254.900833333,252.1156,217.3478,126.0897,131.826566667,147.7588,137.871133333
2023-06-26,32.237166667,40.9012,38.695,64.9359,48.4994,71.488,98.429266667,68.140266667,66.4901,12.011066667,10.071766667,18.779266667,40.204,34.9534,50.560533333,56.326766667,59.583266667,68.105333333,107.0535,129.6391,201.6607,164.9935,164.787233333,122.175866667
2023-06-25,59.234233333,19.834033333,12.366033333,39.1239,83.2662,97.8813,151.3483,178.609633333,204.422933333,237.184333333,226.111933333,192.0596,177.5253,133.741733333,98.348366667,60.1146,43.706166667,30.322766667,25.622033333,47.860533333,82.1018,66.385366667,82.3733,101.595333333
2023-06-24,150.123566667,109.637266667,176.106666667,263.695966667,264.835133333,264.8822,264.965033333,249.598766667,262.238533333,258.005366667,185.135266667,80.411533333,89.818233333,67.426933333,62.6223,74.567633333,42.038333333,21.571266667,30.56,85.603033333,177.2554,188.361566667,154.8745,101.9565
2023-06-23,74.838566667,170.980666667,43.629666667,69.039533333,251.317666667,256.3211,224.9097,69.6238,16.1318,19.411766667,60.9828,36.752333333,87.928933333,160.2095,208.643033333,253.7659,260.422166667,250.283633333,265.494833333,250.3576,73.573933333,198.420033333,264.5595,247.8499
2023-06-22,59.2925,38.6768,18.5892,34.198266667,52.496133333,48.753866667,61.308133333,93.352966667,61.1966,30.805466667,25.862033333,6.072566667,7.296966667,6.153866667,2.877966667,20.5592,118.489266667,195.149666667,205.632533333,178.847966667,195.7691,78.8537,23.987766667,47.879033333
2023-06-21,155.528833333,132.834833333,63.429066667,42.5632,62.789166667,34.529466667,31.855133333,20.4297,22.948833333,39.4564,6.1634,5.791633333,14.100033333,14.6,25.1361,82.253166667,185.3463,261.8003,233.998366667,142.4972,117.5082,103.2565,78.877066667,83.918533333
2023-06-20,37.011733333,11.491966667,0.4366666667,0,6.8928,35.7691,138.324766667,114.255833333,50.064466667,33.993033333,49.344166667,60.444633333,48.9863,56.8652,33.570933333,52.496633333,46.461933333,33.640266667,11.9867,9.6656,30.7706,8.213333333,42.139333333,98.179066667
2023-06-19,259.7654,210.7869,176.189266667,109.2192,161.052866667,172.126866667,100.3398,44.365566667,20.1926,2.4329,9.342,3.805733333,10.1278,68.926666667,174.547866667,227.435366667,133.668233333,59.946666667,3.296666667,0,0,0,49.121133333,68.861533333
2023-06-18,186.5722,51.643833333,5.2351,20.535366667,51.709266667,72.910733333,62.9927,61.9796,79.354333333,26.1172,8.293966667,0.095,1.0201,13.3188,19.133833333,12.230933333,28.2239,34.396733333,84.667733333,178.0452,244.813933333,260.654466667,261.486666667,256.554366667
2023-06-17,27.302633333,59.859733333,149.934633333,164.803166667,79.0798,69.491733333,69.3155,43.766,109.922,93.985066667,81.097833333,51.346333333,37.061,40.436733333,46.496066667,51.8058,157.4977,171.658,189.2572,43.025433333,23.261833333,241.346033333,224.5746,171.4487
2023-06-16,107.259966667,121.060333333,92.2816,225.785,165.738533333,227.325433333,170.776566667,212.020633333,81.750333333,42.943533333,32.0981,7.3747,6.331,8.612433333,11.7776,7.957533333,12.236433333,17.361966667,34.149466667,139.570366667,130.818166667,157.901233333,204.388266667,195.739866667
2023-06-15,175.411633333,177.260066667,113.660666667,213.729533333,211.4075,183.993133333,180.240533333,154.575033333,95.304866667,53.340866667,26.619266667,16.4859,46.8586,52.3773,55.3558,236.083133333,262.222033333,260.303933333,224.648433333,212.0678,177.902766667,144.212533333,59.9946,38.999066667
2023-06-14,18.758466667,14.137566667,2.9914,35.3614,83.007733333,61.081966667,18.264866667,19.067333333,10.997233333,21.3369,8.882366667,6.755933333,2.9284,2.642766667,9.911033333,2.9577,5.8475,5.9747,1.2254,4.001466667,31.795933333,126.253,202.9965,228.524933333
2023-06-13,35.667733333,39.6306,59.031266667,65.449333333,42.0297,22.774366667,13.7293,14.936833333,3.459133333,15.3313,5.636666667,0.116,0.9318666667,1.977166667,2.995333333,15.574133333,13.2536,30.378433333,33.551833333,131.607433333,176.3066,144.060033333,80.452933333,23.9321
2023-06-12,141.2467,158.8548,193.0112,102.0691,102.0628,240.115433333,225.944866667,192.7163,130.315833333,47.418933333,126.540833333,94.123133333,93.023733333,39.2206,56.0507,58.696766667,102.2869,102.052566667,116.602966667,130.332733333,58.3666,65.352366667,78.983033333,65.005166667
2023-06-11,92.5383,64.5531,132.908333333,94.4687,189.125,164.6881,88.1437,85.389933333,99.5048,92.571866667,76.197833333,10.044533333,11.061866667,15.793533333,91.295366667,75.7943,88.3908,89.046266667,138.4836,235.596233333,155.071466667,169.746633333,166.2857,118.469966667
2023-06-10,17.936133333,21.3207,15.491666667,72.703366667,76.560566667,27.6637,84.1908,16.603633333,9.4561,6.017466667,0.3275,0,0,0,0,0,0.1684,0,0,0.232,4.931066667,25.321333333,29.6053,78.979333333
2023-06-09,27.580333333,23.671333333,33.214566667,53.518366667,22.8545,6.335,0.2653,0,0,0,1.877433333,5.636933333,17.024433333,31.383266667,37.956866667,50.6801,152.378,165.843066667,129.130233333,110.495633333,91.918366667,74.820566667,69.566966667,51.404866667
2023-06-08,155.634533333,49.368433333,16.691333333,98.109133333,55.1095,40.893733333,36.2789,43.622566667,23.165933333,40.138866667,48.7172,20.863266667,25.027066667,7.048266667,14.251433333,8.7132,5.445433333,4.939766667,0.1831333333,2.2539,4.7662,12.775233333,23.408766667,27.839233333
2023-06-07,128.990633333,67.354833333,28.001533333,11.224333333,94.6382,195.7222,103.543266667,43.714033333,6.511033333,0,2.471366667,0.3902666667,0,2.878633333,9.0379,49.8649,68.514133333,82.5825,71.0614,73.215966667,113.0379,155.8317,153.477,134.4575
2023-06-06,15.542433333,17.4527,21.795,19.1124,22.237633333,14.2802,25.9948,0.877,0,0.08926666667,2.299566667,1.228633333,0.2927,8.320533333,10.237933333,12.2838,4.515566667,1.223833333,6.8209,30.947666667,86.9299,133.2428,156.789266667,169.89
2023-06-05,1.9622,7.6149,26.971033333,36.677266667,54.161833333,52.342666667,35.107133333,5.3367,0,6.204133333,11.312866667,4.531,6.765266667,4.977566667,16.4726,0.1131666667,0.1131666667,0,91.9525,0.8744,8.628033333,21.372566667,59.794666667,21.1169
2023-06-04,104.1658,37.3752,59.1161,87.4662,93.397733333,116.647,66.5797,20.737966667,8.4178,7.6562,9.041066667,26.6344,53.664966667,1.2652,87.0017,111.237933333,28.0598,19.261666667,10.3723,12.384,12.9421,18.706233333,27.7145,11.297866667
2023-06-03,79.6687,139.852266667,33.635366667,1.738333333,0,0.2653,1.273233333,1.7482,0,0,0,12.161266667,15.013666667,12.4139,8.967533333,24.041933333,14.749033333,16.0674,46.287266667,126.474533333,102.2757,41.518,47.0298,88.7389
2023-06-02,174.665766667,154.6362,181.3375,146.8536,73.628366667,66.021366667,18.955766667,8.4349,11.7124,15.510033333,16.6113,33.3882,22.825966667,18.4445,182.803633333,262.735966667,242.557666667,20.546633333,38.8032,91.941866667,48.9679,94.3766,62.881766667,53.5899
2023-06-01,87.663633333,86.790933333,231.361833333,203.8853,125.266166667,99.7158,121.7358,58.543933333,36.1014,22.576333333,113.0631,219.237633333,183.214966667,165.944266667,181.097833333,166.154,91.634366667,189.759433333,163.964333333,120.683766667,143.000066667,148.6034,175.173166667,154.1689
2023-05-31,181.697466667,119.8292,169.316,143.913866667,137.6613,196.924,184.477833333,111.5122,71.2853,46.922366667,134.355533333,131.413333333,164.759966667,185.1719,124.117766667,135.066933333,102.3416,130.395633333,187.875966667,207.6701,157.1292,170.743133333,242.508433333,234.367066667
2023-05-30,117.936033333,106.808233333,79.147366667,84.735266667,35.369,12.089833333,11.580266667,9.0515,12.9527,27.1772,26.800233333,37.440166667,46.327066667,55.410833333,92.190166667,102.018466667,129.5993,140.667433333,101.766133333,143.4255,167.9445,169.1045,113.731366667,77.315833333
2023-05-29,135.5283,132.950133333,73.768,24.755266667,26.424333333,37.839066667,68.907466667,120.981733333,53.964333333,2.539333333,13.268133333,24.814433333,13.8702,9.046266667,14.465166667,13.100066667,12.110266667,8.929133333,36.477533333,76.339133333,187.278066667,170.276566667,192.486066667,158.357733333
2023-05-28,244.428033333,220.055133333,108.8016,45.565066667,4.147766667,0,0,14.143633333,76.039133333,86.083233333,68.642233333,47.638166667,57.4606,130.738966667,109.261166667,197.832866667,105.440766667,24.147733333,59.4664,66.6474,55.430666667,5.861966667,63.8311,210.361633333
2023-05-27,94.7001,149.523066667,183.0692,89.201466667,121.363933333,233.259933333,160.1086,28.572633333,0.1716,8.327733333,3.147066667,11.087566667,46.2163,77.436,140.201433333,127.226433333,225.811066667,220.305666667,178.2063,133.488033333,101.100033333,181.394333333,10.3473,95.312
2023-05-26,104.2246,88.893033333,25.2259,31.564933333,26.0959,85.0705,33.9851,75.613566667,210.738,264.553733333,251.1497,124.651333333,84.497133333,85.310433333,59.563733333,66.7401,141.1985,156.3705,156.692133333,144.5411,137.9875,161.4655,182.626966667,165.937
2023-05-25,248.055633333,224.0415,184.929833333,148.1365,87.350566667,60.169133333,38.7877,6.364933333,2.063666667,2.898533333,1.452233333,0.0842,4.607633333,11.781933333,16.617333333,14.097633333,23.200566667,55.791333333,133.5803,141.532,118.411933333,208.879633333,168.353633333,101.3593
2023-05-24,1.0749,10.4845,25.502966667,6.038,7.021433333,8.7785,1.6492,3.732566667,2.157533333,0,3.472366667,10.092466667,15.111633333,49.933,43.203566667,46.493166667,53.131133333,75.7695,120.0773,125.9821,40.076166667,17.943933333,25.678666667,74.694866667
2023-05-23,5.183366667,12.538933333,10.466466667,14.557333333,11.766333333,20.2131,9.8013,6.1612,16.168233333,2.244,2.085,0.5762666667,1.877166667,2.0254,7.575366667,14.233833333,23.8992,32.1595,30.430766667,203.158966667,26.304833333,31.0014,23.688466667,0.6384333333
2023-05-22,7.7831,0.3685333333,18.830766667,79.384833333,110.1449,24.060066667,42.5923,27.411733333,50.8997,60.608366667,61.247333333,47.135533333,74.393533333,108.5632,40.677,29.349666667,22.004466667,70.041533333,130.0353,85.773366667,99.349333333,119.908633333,196.0697,24.4423
2023-05-21,109.682566667,89.446033333,66.757466667,66.658266667,66.6628,55.5482,90.580833333,33.5446,28.838366667,24.317366667,30.382866667,55.1849,61.4137,82.425433333,108.342466667,113.190833333,145.874633333,149.009333333,190.694333333,139.676533333,97.593366667,35.9432,124.763266667,8.459166667
2023-05-20,23.5348,9.495633333,26.308333333,34.939266667,18.605166667,65.057666667,60.020266667,4.444533333,1.953566667,2.2916,1.8357,0,0,0,0,0,4.704833333,13.017733333,29.368333333,53.762533333,69.686633333,163.3762,120.949833333,110.173266667
2023-05-19,6.318933333,36.8893,14.920366667,66.3174,37.4558,45.284666667,129.2046,135.313866667,174.542533333,233.1222,246.9486,221.237966667,205.6244,236.7167,261.3717,249.7886,246.263966667,225.623333333,161.0518,213.6294,152.751866667,92.5639,64.310233333,65.6828
2023-05-18,120.776233333,100.4544,92.345533333,51.6569,32.551566667,27.308433333,8.7106,12.953366667,12.281133333,24.129333333,15.1997,2.483833333,0.464,6.354266667,9.3162,23.498566667,101.867966667,60.9804,197.920966667,235.9239,262.3986,227.173566667,51.6452,0
2023-05-17,35.010433333,23.771866667,22.838566667,14.715933333,20.327333333,17.069666667,12.9496,2.162366667,2.040666667,3.058933333,7.497266667,5.556866667,4.820933333,18.5065,18.193766667,29.301366667,45.363833333,90.833066667,130.2589,116.493266667,127.952733333,159.273033333,66.3774,152.7698
2023-05-16,6.2023,5.093866667,0.3501666667,0.08363333333,0,0.06113333333,8.34,6.260866667,6.8536,20.478066667,10.552633333,5.461466667,10.724033333,3.1509,0.6391666667,0.9053333333,3.086733333,2.596733333,27.224066667,72.2358,113.750533333,118.505433333,83.974366667,44.686933333
2023-05-15,120.4998,94.7221,101.470433333,181.849,237.9288,263.471666667,261.836233333,264.110033333,263.5152,249.130666667,220.899166667,222.027566667,187.8935,143.240266667,136.3939,84.518733333,71.4515,60.164066667,56.450633333,40.781433333,28.571233333,17.3284,8.706133333,6.8359
2023-05-14,47.588566667,34.0489,50.1246,58.284033333,80.394966667,76.0531,70.8647,67.879933333,63.1229,54.606433333,32.855833333,33.291,18.9579,15.6465,10.529033333,1.891566667,59.6922,141.397233333,152.165033333,123.349333333,152.4399,170.8499,177.064,149.254633333
2023-05-13,77.228766667,24.980066667,136.5318,229.624766667,199.697966667,258.9974,224.047633333,208.2551,223.349666667,251.886466667,263.2728,247.501533333,208.4636,152.1122,207.015766667,200.374866667,178.752066667,179.664633333,124.6188,108.199433333,72.996233333,98.524933333,77.205566667,40.7575
2023-05-12,111.655566667,115.712566667,181.750833333,155.2298,118.215766667,156.147066667,189.8454,64.575466667,97.7444,47.8485,16.257933333,3.7007,0.1091666667,0.8082666667,0.8045333333,0.577,1.1032,46.351333333,67.916733333,81.8567,57.658666667,157.506066667,167.233533333,107.500933333
2023-05-11,235.7908,154.0608,97.478866667,18.5013,19.686966667,110.357166667,112.817133333,153.647433333,108.842766667,48.0425,26.779566667,61.1841,140.745466667,238.975733333,241.025366667,229.295833333,234.965266667,230.951066667,243.869633333,161.728133333,180.895,150.857666667,158.388966667,71.841466667
2023-05-10,234.12,171.4892,186.278166667,107.098433333,131.104433333,118.1866,113.838933333,83.655966667,69.545,57.3854,113.132366667,177.0133,202.6344,204.835266667,237.1411,254.6603,258.523366667,264.388033333,264.651,261.148766667,261.6708,257.668566667,245.321233333,254.8239
2023-05-09,257.721733333,231.286833333,130.120833333,181.8371,160.8671,206.745333333,227.1412,223.2557,215.290133333,121.104466667,146.116566667,83.944066667,77.902866667,110.481266667,106.4103,91.056333333,39.4255,157.631266667,258.735733333,264.173666667,265.279466667,264.8176,245.814466667,230.7477
2023-05-08,223.950733333,209.332366667,254.0891,223.973833333,203.581733333,226.5778,112.807133333,165.0286,105.6419,58.4817,48.465366667,23.518433333,16.3333,9.796833333,4.744266667,1.3573,0.1403333333,1.284766667,6.930166667,9.4362,73.885633333,199.305666667,235.870166667,262.9106
2023-05-07,250.788,169.089666667,55.964766667,92.223466667,114.4351,104.955033333,145.3716,132.482233333,73.094333333,58.383333333,47.757066667,120.5871,192.855966667,212.914366667,202.152466667,192.745966667,191.444033333,133.317566667,137.0378,72.712766667,157.7617,264.927033333,263.793866667,263.3642
2023-05-06,129.257633333,138.251066667,175.767733333,186.7004,189.4676,148.1807,77.7835,54.9718,20.667833333,17.157733333,18.844633333,19.428933333,76.3941,59.631766667,65.303266667,86.982166667,97.883533333,103.5628,71.304933333,51.1568,79.898533333,103.3223,221.845,259.129033333
2023-05-05,36.181666667,34.796866667,27.197,101.517666667,241.520233333,207.555333333,203.187066667,84.383833333,91.178466667,81.994333333,114.145533333,243.915266667,246.263033333,263.3086,251.083233333,263.927233333,262.085033333,250.841333333,230.5514,125.5703,82.015533333,74.176833333,111.643166667,118.604866667
2023-05-04,143.0994,134.991166667,92.326166667,99.041566667,56.8182,30.720333333,58.674366667,68.745066667,64.151033333,120.804066667,30.677966667,5.210266667,14.032533333,30.608233333,51.749166667,79.128533333,59.410533333,44.998433333,39.433966667,121.380466667,207.6431,234.622133333,217.793766667,80.437633333
2023-05-03,164.650166667,134.602266667,240.435433333,8.327533333,0.05613333333,29.5955,73.787733333,84.6821,27.8322,20.6294,37.265233333,48.142233333,67.822966667,66.473533333,69.310933333,91.748933333,110.390266667,91.2444,75.824766667,168.590633333,248.244333333,219.105233333,197.379433333,200.1595
2023-05-02,250.823866667,212.6935,120.039833333,30.2893,29.450633333,23.986533333,23.1876,20.3054,14.229633333,63.742333333,104.5664,57.113933333,54.366133333,78.239866667,53.286566667,50.936633333,43.513633333,42.998733333,57.838233333,70.322033333,150.681633333,232.729966667,213.092,162.201633333
2023-05-01,28.4858,38.500333333,61.053466667,39.409666667,23.615633333,9.290466667,3.692266667,8.569833333,19.146633333,35.213166667,19.5831,21.063566667,56.736033333,66.961466667,72.712133333,76.8028,111.6727,102.5689,124.930733333,125.598066667,187.6078,221.8836,214.6629,218.678033333
2023-04-30,56.7174,97.2104,61.727266667,70.8806,48.0254,20.621266667,2.2576,0.9057333333,1.0369,16.3865,42.050433333,40.788866667,68.2485,135.551333333,95.7416,73.178,105.917066667,131.957666667,124.8461,158.6106,148.065666667,123.690933333,107.110766667,62.937533333
2023-04-29,196.828833333,226.026633333,248.243766667,253.817666667,234.7262,241.681833333,230.729233333,135.1091,102.5753,119.2625,127.473066667,111.693533333,105.4482,119.372333333,128.5525,135.736133333,149.9678,120.707966667,96.138766667,59.1806,7.969533333,0,24.351766667,47.410766667
2023-04-28,91.354233333,135.888766667,186.762033333,125.219266667,178.15,125.6327,156.237133333,213.6582,265.254166667,265.5,265.499166667,265.4232,265.345533333,265.429433333,265.484133333,265.4034,265.373066667,265.410166667,262.116733333,231.126833333,198.6537,126.819,124.967533333,161.100666667
2023-04-27,201.443333333,160.660166667,144.7384,132.219933333,135.210766667,205.3992,169.772866667,87.3014,93.3378,95.301266667,78.3965,50.536933333,28.474766667,13.437366667,7.6472,7.988333333,29.392966667,31.177633333,54.078533333,168.4154,240.466266667,260.020666667,251.886433333,220.945233333
2023-04-26,88.1637,84.9074,163.5797,78.7994,208.893366667,143.750633333,135.787,56.895133333,11.443733333,9.5284,0.6971,0.429,0,20.099133333,36.1429,86.456866667,171.837666667,73.721533333,97.885433333,94.5913,115.997833333,154.505,153.2466,146.767233333
2023-04-25,115.557633333,40.6705,142.5122,106.485933333,102.4228,20.508466667,15.0616,7.5372,22.062366667,35.0057,62.116466667,64.9776,105.809,178.745466667,121.723233333,77.9579,129.401333333,164.663566667,265.4166,248.528833333,202.949266667,265.150066667,225.2508,210.8426
2023-04-24,59.898633333,32.009366667,20.2542,19.087266667,16.4288,23.3392,15.8759,92.321866667,69.929866667,101.3744,119.535233333,110.1264,132.000233333,181.982566667,161.032633333,110.606166667,99.491166667,62.8115,8.097233333,9.676933333,89.5281,145.4119,88.959733333,50.746933333
2023-04-23,34.769366667,0,0.9497666667,19.015833333,23.097466667,15.443433333,6.6123,0.4878333333,0,3.841733333,19.544566667,23.853933333,31.0875,68.565133333,102.5307,72.285,73.4473,72.2389,95.3737,94.304366667,95.515866667,76.9188,31.635466667,39.8062
2023-04-22,212.8754,244.736666667,258.232066667,258.5553,257.612533333,261.771066667,263.246633333,265.1584,265.434033333,265.446033333,264.929966667,264.372433333,253.354633333,245.5962,241.452,198.391766667,208.873066667,157.2319,189.643533333,137.4695,137.819866667,86.235333333,63.2215,42.508066667
2023-04-21,102.446833333,165.918433333,147.440566667,46.184933333,75.614066667,119.258333333,83.6453,25.724466667,9.812466667,0.893,1.668833333,35.271466667,26.476633333,34.463733333,56.0237,86.9878,65.335633333,91.047833333,24.232233333,22.5876,113.193933333,169.418566667,162.2108,203.290466667
2023-04-20,144.665766667,244.436666667,265.495333333,265.5,265.499833333,265.0378,264.7027,256.298866667,261.566733333,232.065666667,125.351733333,46.416433333,25.706866667,25.575633333,5.919733333,2.861733333,5.2634,0,4.9433,28.415066667,131.661133333,170.209933333,159.781366667,139.4085
2023-04-19,93.401233333,77.6516,102.808433333,146.749466667,59.739566667,61.628966667,78.393066667,77.197466667,134.1163,107.246633333,60.312566667,136.3378,144.158833333,242.02,237.600166667,221.961766667,246.933666667,235.0387,227.272833333,238.857766667,219.7633,109.4406,97.6371,177.916466667
2023-04-18,264.441533333,219.828833333,205.4489,249.788133333,264.110433333,221.231766667,213.812733333,256.662366667,208.337633333,209.7036,170.974733333,129.212333333,192.845266667,243.3587,256.299933333,264.5743,252.258533333,245.7874,209.896466667,112.038066667,121.065233333,66.382733333,37.535033333,39.539733333
2023-04-17,76.918333333,101.738966667,127.4632,121.7236,223.819666667,249.836633333,215.812933333,114.9189,120.7111,226.4719,247.407433333,222.083366667,235.5717,251.008266667,248.3327,228.689066667,209.1779,251.948433333,219.0685,138.0884,170.6925,183.233466667,252.9112,265.246133333
2023-04-16,127.878933333,154.320033333,95.176666667,33.155266667,19.0043,20.5718,27.198,19.655933333,5.614533333,5.519233333,4.545466667,8.805933333,9.011666667,8.0333,15.3304,17.0696,16.847366667,19.0018,21.989633333,30.092766667,140.2444,209.358633333,160.522766667,154.158066667
2023-04-15,193.6206,265.169933333,263.932866667,264.580166667,262.0757,259.220433333,258.1789,258.966966667,263.752866667,247.1285,213.772,161.293033333,166.057866667,141.070033333,168.9002,219.6571,262.0012,239.759133333,247.313966667,151.8471,194.015166667,139.284,93.021,119.500733333
2023-04-14,232.686733333,247.049233333,173.751733333,228.248933333,222.85,225.732066667,179.177066667,115.561233333,83.640266667,89.753833333,61.269633333,53.722733333,76.841533333,99.681533333,102.0566,164.259566667,220.6622,243.4308,179.511566667,83.515033333,55.910333333,65.4827,72.821866667,78.807666667
2023-04-13,238.6001,210.7122,173.944266667,164.261466667,168.014066667,146.887266667,157.0149,109.395833333,120.714533333,197.786666667,152.6507,173.0586,202.877833333,214.4045,249.4379,258.0318,254.046233333,241.9094,224.4505,232.670133333,246.1501,244.024533333,261.029666667,244.100466667
2023-04-12,209.770933333,167.7755,207.753333333,188.1146,219.8476,206.1451,169.8472,147.263833333,215.573633333,252.543233333,240.1679,256.108733333,226.0882,227.571933333,202.2325,198.328833333,204.408533333,239.752066667,241.733266667,252.7972,242.648466667,265.0452,263.340433333,244.333933333
2023-04-11,112.2597,41.3551,63.510366667,36.6181,30.717966667,23.215433333,26.943,28.181666667,22.229866667,22.8685,40.964433333,80.095666667,83.9064,58.0167,57.774366667,53.4597,52.0469,50.1737,148.0761,235.273,253.3655,262.242966667,262.8618,237.927666667
2023-04-10,52.9769,11.0255,4.5241,0,0,9.603266667,12.850666667,16.228,16.964666667,37.147666667,46.871666667,9.681766667,0.3454666667,8.220133333,8.1878,8.190233333,8.4302,5.150233333,1.835566667,3.3264,29.016233333,63.084733333,45.5623,65.515233333
2023-04-09,239.428233333,192.649733333,104.874933333,29.744866667,17.8911,75.426866667,50.536933333,101.9337,16.6594,5.5842,0,0.2509,17.4553,56.143533333,87.195566667,76.734733333,92.148066667,138.4626,170.3876,141.1975,99.982566667,68.598,31.577933333,29.0999
2023-04-08,34.2294,15.041133333,20.951133333,12.863033333,11.5396,11.3099,16.240333333,10.3423,13.874333333,22.368166667,29.6879,29.0136,22.527733333,34.5169,51.521,75.367033333,92.298233333,95.681933333,121.851166667,164.915833333,193.698333333,231.115966667,241.019566667,255.429833333
2023-04-07,46.822966667,49.861066667,64.217133333,53.586366667,87.474066667,96.820333333,81.201,69.264266667,34.5138,22.477466667,23.0078,49.6789,38.519066667,51.093,20.435,26.299366667,42.9553,73.373333333,100.5784,124.1592,130.9719,140.7305,136.7524,58.557633333
2023-04-06,0,0,0,0,0,0,0,0,0,0,0,0,0,0,0,0,0,0,0,0,0,,,
2023-04-05,219.032166667,159.1869,159.6559,149.259133333,210.592866667,215.195133333,154.113933333,185.319733333,253.3507,221.730666667,116.120766667,67.969966667,53.3489,33.303466667,10.3428,6.521966667,2.743966667,4.826333333,3.485933333,21.766666667,73.224533333,62.2339,85.575666667,60.768333333
2023-04-04,210.231366667,211.2023,258.138066667,179.631966667,113.5016,165.528733333,257.800333333,232.102733333,201.4599,218.0654,265.499733333,265.495,265.493466667,265.4998,265.491066667,265.499733333,265.4972,265.495533333,265.499066667,264.048566667,141.3369,152.588333333,175.260733333,195.517633333
2023-04-03,158.632533333,175.313066667,175.877533333,211.744366667,205.559633333,207.0012,236.462,155.322066667,232.3214,261.161366667,263.644366667,261.752133333,262.128133333,264.383533333,260.722766667,257.888433333,249.456066667,251.784366667,262.6445,257.751033333,262.151533333,265.227466667,264.9152,234.3386
2023-04-02,177.940833333,43.909033333,77.552,189.190133333,176.116633333,217.8387,214.900533333,211.7541,189.298066667,219.195766667,141.0388,99.100133333,111.8921,163.568066667,206.723466667,170.898233333,209.541433333,228.2233,226.556,163.678133333,166.645966667,178.8707,199.5595,148.831866667
2023-04-01,183.2811,248.882533333,263.8521,212.809133333,177.045466667,60.715333333,56.928966667,51.9344,27.166,16.168,17.5192,34.840766667,45.745,54.8197,106.522933333,135.819866667,174.4703,182.908933333,193.1249,189.8303,229.901933333,254.650433333,259.266366667,234.165666667
2023-03-31,255.1355,257.834866667,187.245066667,136.915433333,220.82,229.283733333,235.3787,263.813566667,265.366633333,265.456166667,265.5,265.4773,265.5,265.467233333,265.381233333,264.859333333,265.051866667,256.8078,258.622766667,207.909266667,98.409233333,179.621733333,220.999066667,88.5375
2023-03-30,211.146366667,137.474633333,86.955066667,156.294833333,190.956833333,190.344133333,151.285866667,149.023066667,93.616533333,160.7419,151.755333333,237.9603,262.263633333,265.2489,264.047633333,258.181933333,265.2203,264.773566667,265.135933333,264.986333333,265.479566667,265.3155,258.661633333,262.941066667
2023-03-29,148.152133333,154.758333333,141.9922,97.4573,104.3712,88.0652,126.324833333,113.7166,92.728433333,106.492866667,172.4756,159.649,133.3643,112.948666667,155.203566667,163.4749,173.941366667,181.7019,193.7422,161.3144,215.861533333,202.806766667,248.432833333,235.160666667
2023-03-28,251.4137,248.847766667,246.328733333,235.580766667,134.435833333,198.5239,165.613866667,99.091733333,90.905666667,43.9917,25.613733333,21.0247,37.8989,14.3663,2.734666667,6.376766667,3.507566667,14.240733333,32.7205,48.140066667,85.124733333,104.566966667,115.499133333,128.619966667
2023-03-27,204.366066667,153.6707,112.6465,47.538166667,30.1831,33.4499,10.950466667,0,4.610133333,22.7421,20.854233333,54.837766667,126.558133333,64.4991,48.999066667,61.6704,100.522733333,120.678766667,239.2195,264.306466667,265.4743,265.465566667,265.4071,259.647566667
2023-03-26,76.347066667,190.755466667,188.2563,123.311333333,133.531966667,94.919533333,74.941866667,72.578733333,101.687833333,150.3406,94.6357,36.357,11.632966667,3.2988,2.183566667,1.4205,0.8028333333,10.524366667,11.697233333,35.7332,80.236166667,112.119533333,150.348266667,174.885966667
2023-03-25,19.588266667,16.224233333,171.0519,211.333633333,245.678033333,227.534266667,244.734466667,259.1802,260.566566667,265.481966667,265.4608,264.6294,248.8435,156.860766667,111.1994,86.2063,55.4622,43.234366667,112.321266667,179.1431,72.318766667,102.7208,73.297833333,46.398966667
2023-03-24,105.441666667,146.551833333,28.422833333,21.7285,87.556133333,102.5786,66.9404,57.147533333,11.799233333,0,9.848233333,77.144766667,104.707866667,105.151933333,77.993533333,108.112333333,134.2536,141.523966667,119.517066667,150.501533333,131.674933333,105.7742,81.923466667,31.936466667
2023-03-23,88.904166667,78.0657,105.668633333,85.439933333,68.511333333,23.213066667,50.547233333,150.920066667,108.362133333,49.477133333,58.418133333,48.760233333,35.128233333,31.428866667,32.056933333,19.336266667,23.486233333,35.3663,38.398433333,69.479733333,80.262433333,80.309233333,47.4411,51.811633333
2023-03-22,112.8595,177.254866667,150.927366667,153.864766667,230.702066667,220.765533333,202.5774,193.682733333,152.3024,122.2852,107.294133333,201.368766667,264.454566667,252.3984,265.0275,257.313233333,237.7562,246.906533333,230.439166667,205.130633333,221.071433333,259.336633333,216.341,87.900566667
2023-03-21,190.406333333,136.941966667,168.903133333,124.180166667,111.92,141.125,149.267533333,116.431066667,100.5987,113.208066667,188.820366667,160.440666667,207.461733333,195.148833333,206.455033333,218.271466667,203.7723,180.986233333,163.5964,218.740933333,186.128966667,91.290666667,42.9756,85.251933333
2023-03-20,236.7811,254.356666667,231.458433333,213.303366667,248.0384,222.604933333,158.2094,229.743166667,176.101633333,179.988633333,194.777466667,208.418566667,240.9224,243.1407,261.809566667,265.3298,265.179033333,265.0674,260.735566667,200.479366667,158.1808,113.0371,152.003633333,236.575666667
2023-03-19,143.463166667,124.631733333,113.2996,132.5519,70.390433333,55.568266667,90.651566667,90.817566667,85.407766667,107.416066667,62.0988,57.417766667,68.5378,77.539933333,70.8076,79.806333333,134.5768,222.2403,234.172133333,139.629266667,189.156033333,234.369466667,242.7764,231.727766667
2023-03-18,0.1672666667,2.6652,5.6218,12.697566667,119.183733333,168.4298,180.093666667,166.0811,45.279833333,52.1501,61.759566667,36.887266667,25.1395,19.325933333,12.6374,16.1864,29.667633333,34.554033333,12.623833333,5.348666667,0,4.133133333,1.0033,25.965933333
2023-03-17,260.971866667,231.349966667,95.492033333,111.5023,68.590966667,53.710933333,27.491833333,18.607866667,4.2098,7.9806,13.6035,20.185933333,22.339133333,16.6249,16.077333333,13.276133333,11.562066667,17.490433333,11.668966667,19.7644,7.689,2.1982,3.3842,2.701366667
2023-03-16,265.303333333,259.7128,257.672133333,208.957733333,176.167566667,156.178266667,173.456633333,88.8706,81.503433333,210.2362,261.0284,254.1546,265.4575,265.4907,265.4987,265.498,265.4998,265.494266667,265.4643,264.469933333,243.8267,263.1007,265.0407,264.988033333
2023-03-15,207.948666667,172.932333333,159.657066667,203.1555,222.357366667,159.6982,226.9683,216.655666667,228.895766667,254.333,206.3404,167.6655,214.034033333,252.9501,254.437733333,265.249933333,264.6449,252.9107,206.979966667,245.354,265.119733333,265.334533333,264.688433333,265.4196
2023-03-14,19.2564,41.562133333,76.4874,25.190733333,20.486366667,31.9471,,,,,1.45,20.968,40.2832,78.169333333,118.714033333,148.553066667,158.184866667,164.7413,196.239833333,245.455233333,242.989633333,255.826933333,247.359833333,252.100366667
2023-03-13,49.232133333,42.3862,61.117166667,30.301666667,24.0282,18.4195,11.895533333,34.525666667,21.7809,28.722133333,45.5526,39.791366667,66.646333333,121.975533333,74.6354,68.6771,75.213933333,79.787966667,153.9291,204.0113,194.277766667,221.337233333,150.8661,178.251233333
2023-03-12,89.912833333,86.930566667,44.774633333,63.9716,93.938533333,98.5842,67.3377,32.214333333,23.113833333,31.624366667,32.577133333,54.618466667,68.527633333,47.6715,29.1321,6.051766667,4.674666667,5.796566667,5.772433333,38.931833333,41.580666667,51.687233333,85.073733333,64.595233333
2023-03-11,262.299666667,260.316366667,251.304766667,260.283,264.019566667,238.363066667,265.0335,265.4335,265.248366667,265.395,265.475833333,260.022166667,263.018233333,262.6845,241.968366667,200.100633333,143.111833333,149.276,191.9501,191.991233333,193.886066667,199.228066667,162.788533333,153.061933333
2023-03-10,61.8973,54.355466667,33.8715,28.564466667,19.140433333,15.733033333,17.874433333,10.791833333,26.1668,68.993233333,104.224,159.630866667,187.579033333,231.016,243.5298,239.924633333,244.2567,242.830133333,240.741433333,190.683633333,167.915033333,169.873633333,103.139166667,147.945366667
2023-03-09,115.815133333,77.577033333,91.7477,79.1678,28.8497,12.520833333,16.7441,4.689766667,3.807033333,4.813266667,4.504533333,6.273466667,22.871033333,61.764133333,153.423533333,214.706666667,212.401466667,231.000666667,216.562766667,170.3827,170.459766667,155.3984,176.038066667,149.8498
2023-03-08,36.9317,57.1681,133.765966667,167.192166667,189.4838,220.376666667,213.972633333,160.743133333,128.468133333,101.301266667,81.4939,49.1191,23.9601,11.251533333,11.6011,9.087866667,9.088333333,10.739,61.956966667,81.6652,141.878466667,93.0431,47.424366667,61.509266667
2023-03-07,123.736466667,119.887233333,107.310066667,135.031233333,130.3452,85.4507,106.717266667,69.9858,35.3715,18.881033333,33.429133333,15.307333333,8.546866667,15.0115,24.9002,17.3206,6.499066667,11.8415,28.5035,38.860066667,47.658233333,55.435833333,35.444133333,80.324666667
2023-03-06,115.5905,105.5939,134.657,129.062666667,103.4359,81.7031,153.720833333,146.112,99.8431,42.805366667,5.945366667,4.258,1.4102,4.569166667,3.201433333,0.2388666667,28.0078,41.112633333,56.481866667,145.752766667,140.277,111.3127,94.756133333,150.672766667
2023-03-05,208.990733333,199.3461,256.920866667,258.5343,217.9308,177.986,66.923733333,74.032233333,101.065533333,113.584933333,98.784466667,86.801966667,117.3976,207.015233333,245.174433333,253.693233333,259.183433333,234.822566667,172.620533333,131.427033333,51.0512,32.3155,72.0165,99.5268
2023-03-04,76.359066667,129.432466667,153.103233333,223.8931,158.236533333,264.7974,265.450966667,265.203333333,265.0638,264.665433333,256.054933333,215.020833333,191.2256,77.913866667,31.2921,13.3023,4.692633333,0.73,12.9644,30.514933333,141.644266667,160.637066667,93.6269,233.642233333
2023-03-03,56.8885,162.206,194.940133333,247.685966667,256.162166667,262.5269,258.9453,249.184466667,184.685666667,83.609933333,30.166466667,1.2597,1.453733333,1.3612,10.996833333,34.8132,47.6155,85.456933333,65.7548,115.049366667,152.697866667,191.742066667,209.041633333,134.8013
2023-03-02,46.358433333,47.635666667,127.516866667,69.2954,50.477033333,63.019666667,56.694733333,55.593733333,48.2848,32.841933333,6.4696,0.9841333333,0.2263333333,2.0101,22.128366667,28.1868,57.435933333,160.562466667,246.925433333,182.073766667,152.357966667,121.414333333,189.299,168.013566667
2023-03-01,255.6582,220.700366667,193.734366667,243.788533333,243.2475,224.137233333,183.362933333,93.144366667,148.3339,142.897533333,164.392466667,121.51,49.423733333,45.527633333,88.485433333,61.250666667,105.930666667,105.218766667,130.083966667,202.143466667,241.510266667,265.017566667,265.249,45.6226
2023-02-28,263.268033333,238.676133333,181.202233333,85.812633333,113.099966667,252.181766667,256.037766667,263.818033333,261.474833333,256.138133333,259.945033333,265.2625,265.326833333,265.3814,265.354433333,265.3466,265.032266667,264.805166667,244.672033333,202.346833333,89.126633333,130.762933333,198.626833333,228.921266667
2023-02-27,265.5,265.5,265.4996,264.9351,200.6816,210.602966667,182.1104,187.0578,185.336066667,76.919633333,57.3196,48.0502,2.048233333,2.213233333,18.0402,28.2358,10.937733333,236.817,247.423633333,187.958233333,168.5592,232.319433333,265.4316,265.428866667
2023-02-26,160.465833333,174.292266667,224.019633333,226.718633333,224.786166667,211.1235,218.3913,231.6693,239.3314,170.146466667,119.843033333,198.8363,212.293666667,206.0919,219.6692,265.491066667,265.498,262.584633333,260.529333333,246.512366667,232.377333333,253.8948,265.212033333,265.487533333
2023-02-25,24.474566667,31.099266667,12.473066667,9.9285,26.123133333,67.7664,90.602033333,50.582866667,25.457733333,41.6945,30.806733333,14.9014,13.284533333,33.592466667,48.360833333,100.616933333,89.382366667,88.953066667,66.112866667,77.242333333,72.41,58.905366667,116.465733333,215.3904
2023-02-24,104.8246,89.2016,94.674566667,67.528633333,69.506766667,86.915833333,61.908333333,57.449866667,40.558533333,32.723533333,25.341933333,10.988066667,3.235766667,0,0,0.443,2.350833333,0.3395,13.580166667,46.944233333,57.732166667,54.140333333,19.939566667,13.151033333
2023-02-23,153.611933333,205.6377,133.742833333,137.491866667,128.522466667,134.886733333,75.701933333,76.8763,32.291066667,34.047566667,24.7461,21.000666667,10.2231,13.636133333,21.386933333,42.703766667,45.7603,81.099533333,121.7547,82.9196,99.6184,60.4921,53.462433333,72.712266667
2023-02-22,264.8661,258.222,254.08,238.312233333,259.365333333,259.5788,259.0673,258.9039,256.133866667,265.1886,265.489633333,265.4654,265.369733333,262.751366667,257.279333333,241.3319,264.985766667,265.473133333,265.467733333,265.305333333,265.0826,265.139533333,244.487833333,146.2101
2023-02-21,151.1759,99.2501,54.696233333,51.3587,35.133,70.434833333,75.5535,89.215733333,171.916533333,186.9823,169.7644,199.485366667,226.152133333,94.919133333,258.076033333,265.490566667,265.4998,264.9311,264.377133333,264.081233333,263.8396,265.427333333,264.1388,265.3726
2023-02-20,256.413666667,264.4303,265.298566667,263.749266667,262.748833333,264.9398,264.401133333,265.396833333,265.2589,265.430166667,265.4609,265.394333333,265.1772,265.343433333,265.372033333,265.408533333,264.710533333,265.064466667,246.799,248.004066667,245.066333333,196.9452,156.8705,102.1884
2023-02-19,262.006366667,242.683066667,256.789,263.5009,262.652533333,228.335633333,178.2959,173.5618,112.094066667,203.701233333,219.057166667,208.646066667,261.318666667,264.106233333,264.771533333,264.946366667,265.048233333,263.555266667,254.141366667,202.5526,233.801166667,245.081,256.454066667,258.474333333
2023-02-18,240.137333333,109.003166667,63.454833333,131.640833333,137.886233333,152.035066667,213.3958,134.536166667,178.045933333,220.629533333,263.607333333,265.4726,265.4592,265.461666667,265.3441,265.466333333,265.367466667,255.521366667,248.500633333,247.7674,182.181266667,235.6,241.0888,265.0268
2023-02-17,69.158133333,94.096933333,40.8778,34.850533333,54.128,93.4418,133.5345,139.592,145.8571,188.4697,124.2923,87.704233333,55.930466667,65.070166667,41.8911,30.3201,30.257633333,44.681433333,50.229033333,37.962466667,25.647366667,64.588966667,72.507166667,150.016433333
2023-02-16,265.342133333,265.433533333,264.777666667,241.894533333,245.379933333,260.588033333,260.489233333,263.5518,262.944866667,262.1683,265.432066667,265.436866667,265.098966667,265.0687,265.1604,264.666266667,263.364966667,258.013633333,226.685266667,144.880933333,112.2162,95.689533333,73.4332,79.2964
2023-02-15,224.406766667,240.836666667,184.979833333,114.3375,64.188233333,40.356066667,10.5482,1.525466667,78.0327,174.599333333,224.338633333,228.207733333,221.610366667,69.6123,70.5952,121.3648,59.266266667,225.281466667,265.439766667,249.964933333,213.273933333,265.221366667,261.877833333,265.497733333
2023-02-14,138.0679,134.097033333,144.836033333,118.794833333,251.224266667,242.831166667,250.685433333,265.2486,265.468333333,265.473133333,265.4808,264.3743,258.6078,265.2956,234.558066667,111.316366667,243.169466667,265.153733333,253.366866667,167.533966667,127.366633333,117.338033333,189.132,236.419433333
2023-02-13,47.346533333,158.204533333,151.937466667,111.429233333,65.300833333,64.4717,47.2263,69.793466667,56.7178,12.169733333,20.823766667,48.141633333,69.625933333,72.393166667,81.8084,122.928833333,186.477733333,161.436133333,200.359533333,237.216966667,236.381333333,206.732533333,30.999766667,38.680066667
2023-02-12,232.323733333,254.0101,233.361633333,182.9615,256.377766667,265.198133333,264.364133333,256.1728,219.4876,160.270466667,166.836166667,114.6764,90.906,156.0988,193.360966667,167.773833333,191.5886,106.662966667,244.088533333,194.100733333,132.949166667,88.871033333,37.762933333,28.004466667
2023-02-11,0.475,0,0.2263333333,4.726266667,8.787266667,18.041766667,72.328633333,85.998,101.2486,68.654,34.948766667,43.0536,55.586566667,77.1728,98.028066667,95.0767,94.167933333,107.723166667,131.454433333,176.2114,147.894533333,170.926333333,220.537566667,177.6275
2023-02-10,259.050633333,218.760333333,207.9126,171.750733333,81.925233333,162.352666667,221.3021,245.9826,180.963266667,204.9451,255.2658,248.3118,206.120466667,215.9532,172.870366667,154.176166667,108.1767,75.7907,52.340033333,28.364366667,9.9383,3.191766667,0.7174333333,0.8062666667
2023-02-09,73.6519,58.071933333,75.289466667,237.5988,246.9975,255.846333333,264.689233333,265.246,265.119133333,265.415833333,265.473366667,265.447233333,265.4468,265.4729,265.493733333,265.5,265.4999,223.8215,87.672566667,182.179433333,250.434566667,233.789366667,230.531266667,260.104033333
2023-02-08,24.404866667,30.2333,39.830066667,9.3623,45.046866667,58.384866667,56.7177,32.689833333,50.577566667,46.181166667,22.108233333,24.071866667,49.0022,52.134333333,55.491433333,69.280666667,86.1078,72.5348,49.854666667,26.431933333,4.593733333,16.3018,14.002466667,28.5385
2023-02-07,265.331366667,265.114233333,263.813333333,262.709533333,264.491166667,265.292266667,265.109,264.628733333,259.914666667,252.9745,252.513433333,257.961166667,258.546533333,261.923966667,246.381266667,199.2246,172.778866667,137.327833333,81.1823,54.102633333,20.395133333,11.760566667,41.943666667,24.1428
2023-02-06,130.941033333,201.5644,248.705966667,170.107,231.606133333,162.690466667,204.7156,241.713633333,239.6587,199.7388,153.682033333,209.3401,246.004366667,231.489266667,182.5225,99.440933333,80.547666667,92.4869,148.7987,234.871866667,265.017466667,264.984733333,265.371233333,265.407533333
2023-02-05,99.0942,80.620166667,68.0114,16.161033333,0,0,0,0,8.126166667,11.489566667,6.9892,38.772266667,62.5746,54.1484,39.424633333,50.068733333,65.264833333,114.1866,171.8325,186.3492,201.5776,182.390166667,73.0482,66.012133333
2023-02-04,259.9308,211.9435,162.799066667,247.2745,264.914533333,265.1047,260.984433333,244.4997,258.964633333,256.099033333,262.452233333,236.3513,241.921266667,227.0891,173.7984,111.3322,78.443633333,35.8757,9.5026,85.495866667,121.740333333,94.237633333,86.3993,126.532766667
2023-02-03,72.302033333,6.065133333,0.9182333333,0.1141666667,4.851366667,1.016333333,14.333766667,25.997666667,36.706666667,52.718666667,66.393633333,35.312,47.8882,75.008733333,156.1716,189.6521,229.646133333,150.4335,131.8382,187.118833333,226.436833333,220.976733333,216.465866667,261.529066667
2023-02-02,0.4566666667,4.805333333,9.3477,7.853533333,4.740666667,23.9051,111.422033333,96.122166667,140.8203,157.192333333,117.436433333,52.3659,61.696733333,112.558866667,182.016,128.6188,120.654433333,108.539766667,33.741666667,64.972766667,164.616866667,145.3603,108.288166667,179.5607
2023-02-01,0,0,0.8926666667,1.9092,5.802333333,3.104733333,5.5906,10.000066667,15.3193,1.972266667,7.372666667,0.4629333333,12.112,11.724366667,36.872833333,72.005166667,16.523133333,1.106866667,9.614,13.797866667,9.622066667,17.013033333,3.391433333,5.510633333
2023-01-31,46.3563,37.215666667,32.947933333,47.522566667,73.622366667,67.397833333,90.324333333,55.221666667,16.844333333,6.5066,5.249066667,0,0.4202,2.2804,5.2301,10.0534,10.3262,10.9865,0.796,0.2751,1.1903,7.803166667,0.3209333333,0.5018
2023-01-30,102.688333333,73.416533333,78.418933333,96.8172,126.808433333,116.449966667,113.805966667,70.333,34.505666667,19.2413,10.5486,11.501,6.783166667,1.480533333,0.07003333333,0.1400666667,5.7337,8.5606,9.3514,26.265433333,37.44,49.4387,67.6127,55.111133333
2023-01-29,204.217066667,225.306033333,202.309033333,129.141366667,107.3031,137.5258,168.070533333,112.4545,80.363966667,51.643833333,42.042,34.145833333,35.884166667,35.945,19.444166667,7.7643,4.9491,5.523766667,14.873666667,23.954633333,48.998066667,68.4041,75.771533333,97.652533333
2023-01-28,265.3696,265.332033333,261.7214,260.069266667,265.296066667,265.2406,256.159266667,146.796033333,127.937366667,59.343133333,28.3422,30.0751,14.545466667,148.887033333,221.2143,264.681,264.200566667,215.736866667,179.469866667,113.9649,140.0946,98.9324,103.975733333,156.007366667
2023-01-27,242.431466667,236.77,245.577766667,253.973333333,212.160766667,147.755933333,106.144333333,83.4394,83.1268,68.992266667,24.7696,8.6957,0.285,3.998066667,35.046166667,60.8903,49.963766667,78.939733333,63.031533333,159.423,214.868366667,237.007866667,263.4021,265.253066667
2023-01-26,218.922333333,230.0084,248.1242,256.8869,264.730733333,262.521,262.0305,236.455466667,241.455966667,236.9187,85.579833333,36.342866667,56.1419,32.8853,41.269633333,114.348566667,143.795433333,136.204766667,97.287,67.280133333,73.2575,106.5892,175.564666667,189.5628
2023-01-25,263.6934,256.424266667,217.0968,228.896566667,262.9759,246.6432,261.715566667,265.234533333,265.0619,264.290733333,255.3167,226.7619,227.343766667,136.0702,89.239433333,84.8018,74.8784,60.143933333,23.610033333,31.978966667,113.622333333,169.416433333,137.857533333,170.447733333
2023-01-24,72.140533333,22.8386,42.619733333,27.2635,9.606066667,0.5052,2.748566667,4.190333333,6.302266667,14.699866667,38.107,31.128166667,27.8855,34.9128,30.843666667,60.723066667,60.673133333,71.046933333,80.214133333,87.229233333,137.235333333,168.984833333,219.861766667,240.0146
2023-01-23,70.4898,95.238166667,41.8366,84.7192,135.582,94.771266667,41.5056,17.953233333,23.5141,21.136,59.1321,105.9924,109.749333333,75.760833333,55.558333333,59.8321,82.600433333,101.047966667,59.6318,56.485766667,39.835333333,26.9814,47.9138,69.744633333
2023-01-22,178.9555,223.674133333,85.868833333,107.204133333,155.159566667,257.5751,236.947066667,143.370233333,67.795233333,53.1774,39.544933333,16.600266667,62.365333333,82.240466667,45.5017,32.784766667,25.929133333,14.801666667,7.078166667,15.560066667,35.3574,45.1374,78.839366667,70.807766667
2023-01-21,67.1442,40.410866667,37.625733333,50.486533333,84.538733333,71.938733333,84.138,168.671966667,211.860933333,152.464566667,202.871266667,256.9106,265.390433333,265.478633333,265.470533333,265.407933333,265.353666667,263.513466667,263.6735,262.7653,261.816066667,229.249566667,246.018733333,250.514533333
2023-01-20,74.990066667,133.2681,139.0414,136.4628,73.949766667,85.768666667,97.244433333,115.0073,83.927433333,58.887633333,139.742466667,210.267566667,186.731366667,194.531033333,240.939166667,258.973533333,264.917,264.9562,264.720266667,264.420333333,263.731933333,264.7118,265.2871,260.080433333
2023-01-19,255.795233333,246.249133333,225.1265,264.940033333,265.253233333,265.258366667,263.8612,257.907133333,61.9239,44.8281,17.685733333,4.4113,0,1.485533333,16.068466667,17.011233333,18.8033,30.623533333,29.681633333,78.152833333,127.445133333,190.520666667,93.3098,76.7598
2023-01-18,31.6688,46.4314,98.893433333,119.6037,162.9497,195.415266667,258.2494,228.481666667,222.8202,232.150666667,207.917066667,252.992966667,246.433966667,263.7623,264.7253,264.102766667,250.584633333,222.9139,182.6642,201.165233333,225.303633333,264.867466667,265.191,264.6627
2023-01-17,261.009833333,207.371266667,160.526766667,201.8259,173.712333333,174.456,60.967466667,29.415766667,22.800033333,40.1158,11.2592,31.0813,12.296133333,11.4229,21.0064,96.320566667,167.0093,141.211733333,170.212866667,137.0639,148.645333333,128.792766667,109.4229,156.6121
2023-01-16,262.312466667,265.4256,265.059033333,262.7061,247.474533333,254.503933333,258.031166667,243.750866667,226.765933333,251.193266667,201.843633333,157.753166667,184.339466667,233.562733333,261.933366667,264.137,262.818566667,243.849833333,249.927566667,217.1948,232.141666667,254.490266667,218.541866667,179.6651
2023-01-15,231.0705,261.9437,255.979866667,243.8923,213.9182,170.737833333,197.312333333,230.5775,196.6262,154.9065,116.347266667,100.187,159.3206,160.2467,242.794833333,265.2316,264.949133333,265.2988,262.591666667,263.516366667,262.2555,242.935766667,236.931266667,236.091933333
2023-01-14,153.104533333,51.931333333,147.3126,124.920566667,174.124366667,208.7298,196.2771,206.737333333,190.4651,117.875766667,77.711033333,131.9469,166.1125,92.189433333,206.1153,217.075166667,243.164233333,194.500866667,253.7534,238.983033333,251.876033333,258.5387,263.012533333,265.023933333
2023-01-13,1.212,7.734866667,7.6544,19.5796,37.997733333,58.402966667,74.953933333,91.8433,104.9048,75.2685,55.078133333,51.508733333,52.110066667,57.216133333,71.993333333,75.825966667,39.924033333,72.260033333,61.3539,54.181833333,51.147433333,45.329366667,99.1346,110.796166667
2023-01-12,265.4532,265.438266667,265.340333333,265.3866,261.923733333,211.629633333,262.3971,236.213433333,197.908966667,213.507766667,264.198833333,256.9673,197.6006,130.285466667,106.5878,107.935633333,76.953566667,55.497,28.2063,19.6348,15.538,5.929066667,0.2801333333,0
2023-01-11,223.9838,217.516233333,121.298633333,209.5243,233.129066667,215.371666667,186.376733333,200.1114,189.5117,139.236966667,149.7122,181.115433333,265.475166667,265.485,265.243266667,264.7873,265.4996,263.985266667,255.577766667,265.182733333,265.487333333,265.4916,265.499466667,265.488733333
2023-01-10,78.3664,134.2802,177.0105,185.702033333,143.2775,223.524,265.2434,264.913633333,264.740366667,255.929033333,263.1387,264.6574,265.418133333,265.3168,265.4522,265.003933333,262.843066667,265.020633333,261.6842,263.474166667,265.029233333,265.340533333,253.5441,259.952733333
2023-01-09,252.734933333,248.6164,263.827066667,265.1316,220.1386,174.803333333,198.649833333,173.4632,151.044066667,87.800333333,135.915233333,136.798966667,185.814533333,143.433333333,62.2672,25.985133333,22.023333333,21.613166667,6.452166667,0,6.810333333,66.9572,108.9173,123.299933333
2023-01-08,17.989,29.8449,19.3956,5.568666667,20.611333333,48.668,102.6616,122.9155,176.056566667,95.970833333,41.869066667,71.5231,106.069533333,102.9746,114.311,153.303533333,152.596633333,147.4485,199.396,236.7209,224.793733333,206.1072,164.844966667,115.641166667
2023-01-07,251.225133333,209.2551,213.258833333,252.371866667,263.226733333,265.040266667,261.8806,254.2447,251.090733333,219.909533333,197.369833333,183.9492,88.6121,57.1706,34.397233333,12.571233333,14.8207,13.667966667,21.036933333,29.531533333,11.3529,5.598233333,4.081766667,6.133866667
2023-01-06,137.4223,75.818266667,156.573166667,209.7945,191.7387,104.516833333,27.410066667,77.904033333,86.9507,134.526466667,111.2247,106.054933333,46.005933333,158.8113,225.434166667,258.0514,261.869266667,254.5937,215.3662,223.6599,239.749733333,208.995066667,149.590966667,207.990166667
2023-01-05,24.206866667,22.524666667,2.9206,7.034566667,5.510666667,5.837466667,0.4181666667,0,0,0,1.7811,25.936866667,46.9857,70.4844,72.710166667,59.354733333,45.282766667,63.546833333,115.689733333,135.316766667,125.044466667,226.978133333,171.4558,127.524466667
2023-01-04,12.216733333,4.777666667,0.6829666667,2.928466667,0,0,0.1768666667,0,0,0,0,1.706833333,0,9.422733333,52.219766667,47.8517,99.2066,73.748366667,143.796333333,115.858733333,78.809966667,92.895733333,102.527333333,34.3944
2023-01-03,257.528133333,254.2579,258.8966,263.9154,199.1225,92.055233333,103.174633333,153.4025,146.1679,66.9026,38.6191,9.760166667,3.060366667,4.155633333,0.6996333333,2.184433333,9.292533333,5.180566667,0.6547,0,6.1878,17.689333333,23.0005,21.9825
2023-01-02,118.756166667,87.479466667,107.340833333,73.985133333,52.538133333,43.402933333,128.6214,63.408266667,25.888666667,6.622733333,6.582066667,10.865333333,13.592566667,58.026566667,251.9623,249.4943,203.360133333,265.236133333,265.264066667,265.2037,261.3697,265.4186,265.489766667,265.398466667
2023-01-01,256.430066667,262.769733333,264.3951,252.223,242.0437,218.049166667,237.039533333,224.6091,146.229066667,120.6596,86.700466667,99.7752,158.016633333,166.3491,134.300233333,30.735133333,5.5284,20.886633333,67.796166667,130.176066667,137.964233333,74.654333333,61.652066667,120.690733333
