DATE;0;1;2;3;4;5;6;7;8;9;10;11;12;13;14;15;16;17;18;19;20;21;22;23;cluster
22/10/2022;256.4;256.9;263.9;249;239.3;259.8;261.1;254;248.6;241.2;250.3;265.2;265.2;264.7;265.4;265.1;258.4;240;250.4;260.5;265.2;261.9;242.1;148.4;1
23/10/2022;186.7;197.3;180.3;152.9;172.1;185.1;174.5;158.4;78.9;167.7;173.8;209.8;260.6;265.3;265.4;261.4;263.9;256.1;262.3;226.9;196.1;187.9;128.7;163;1
27/10/2022;263.1;204.7;137.8;106.3;94.9;45.4;111.9;193.2;103;125.4;97.6;56.4;56.6;27.2;64.7;44;69.7;70.4;92.8;56.3;155;167.3;36.7;47.1;1
02/11/2022;194.8;138;163.1;79.7;55.6;43.9;162;156.1;15.1;39;82;143.7;178.9;115.9;140.3;212.9;225.6;215.8;189.6;219.6;224.1;151.5;186.7;188;1
03/11/2022;189.9;182.6;215.7;229.2;262.6;263.7;256.8;233.5;251.5;249.3;215.8;253.2;169.8;106.7;150.5;161.2;231.1;206.1;169.9;167.6;179.9;31.7;69.1;118.6;1
04/11/2022;150.9;48.9;30.4;62.9;183.2;257.6;223.4;260.5;261.9;255.3;226.4;198.3;109;30.9;26.6;89.4;139.1;114.1;115.7;140.6;106.8;114.5;38.6;59.9;1
05/11/2022;46.2;39;55.6;40.8;64.6;74.4;95.9;132.6;87.2;64.9;16.8;2.2;21.5;68.1;132;133.7;106.8;138.5;244.4;264.7;257.5;148.7;212.3;206.7;1
08/11/2022;178.6;210;179;94.3;76.4;124.3;101.2;74.3;85.8;96.2;134.4;167.6;230;240.9;252.4;255.4;254.9;258.9;191.4;101.8;189.7;204.9;225.2;210.4;1
09/11/2022;209.6;215.5;202.8;175.6;147.4;160.4;179.5;169.9;234.3;243.1;210;194.3;179.6;146.7;141.3;180.6;257.3;259.5;258.4;260.9;259.9;262.7;264.6;265.4;1
28/11/2022;244.7;217.4;115;113.1;111.8;141.4;94.9;113;73.4;153.7;237.6;244.8;244.4;234.4;246;197.3;174;211.9;188.4;256;261.4;261.3;262.6;251.9;1
29/11/2022;241.2;213.8;259.6;265;261.5;257.7;227.5;231.4;214.8;170.6;250;264.8;202.8;187.9;204.9;246.5;264.3;264.8;263.5;261.2;260.9;227.3;109.9;28.8;1
12/12/2022;187.8;241.5;243.7;221.5;131.5;189.1;107;49.3;28.1;82.9;129.9;143.7;184;216.3;239.5;201.3;169.1;222.3;223.8;208.2;223.1;102.3;161.4;160.9;1
22/12/2022;237.7;265.4;265.3;260.6;263.6;263.8;265.5;265.5;265.5;264.7;265.5;265.5;265.5;265.5;265.5;265.4;265.4;264.2;262.7;241.9;246;247.5;242.1;226.3;1
27/12/2022;109.3;162.3;144.9;194.6;194.3;197.9;201.6;258.4;261.2;265.5;265.5;265.5;265.4;264.9;260.5;265;265.3;263.9;262.7;258;265;265.3;208.8;249.7;1
28/12/2022;255.1;263.8;263.2;265.3;265.5;265.5;265.5;265.4;259.9;260.6;264.5;265.5;265.4;262.7;265.5;265.4;263.5;227.8;191.3;221.8;229.8;260.8;263.1;258.5;1
31/12/2022;152.3;121.4;157.9;163.7;122.7;175.6;132.3;114.7;157;111.5;31.2;101.3;104.5;110.8;59.3;16.7;8.6;0;1.5;36.3;72.1;227.6;222.2;179;1
01/01/2023;256.4;262.8;264.4;252.2;242;218;237;224.6;146.2;120.7;86.7;99.8;158;166.3;134.3;30.7;5.5;20.9;67.8;130.2;138;74.7;61.7;120.7;1
02/01/2023;118.8;87.5;107.3;74;52.5;43.4;128.6;63.4;25.9;6.6;6.6;10.9;13.6;58;252;249.5;203.4;265.2;265.3;265.2;261.4;265.4;265.5;265.4;1
06/01/2023;137.4;75.8;156.6;209.8;191.7;104.5;27.4;77.9;87;134.5;111.2;106.1;46;158.8;225.4;258.1;261.9;254.6;215.4;223.7;239.7;209;149.6;208;1
08/01/2023;18;29.8;19.4;5.6;20.6;48.7;102.7;122.9;176.1;96;41.9;71.5;106.1;103;114.3;153.3;152.6;147.4;199.4;236.7;224.8;206.1;164.8;115.6;1
09/01/2023;252.7;248.6;263.8;265.1;220.1;174.8;198.6;173.5;151;87.8;135.9;136.8;185.8;143.4;62.3;26;22;21.6;6.5;0;6.8;67;108.9;123.3;1
10/01/2023;78.4;134.3;177;185.7;143.3;223.5;265.2;264.9;264.7;255.9;263.1;264.7;265.4;265.3;265.5;265;262.8;265;261.7;263.5;265;265.3;253.5;260;1
11/01/2023;224;217.5;121.3;209.5;233.1;215.4;186.4;200.1;189.5;139.2;149.7;181.1;265.5;265.5;265.2;264.8;265.5;264;255.6;265.2;265.5;265.5;265.5;265.5;1
12/01/2023;265.5;265.4;265.3;265.4;261.9;211.6;262.4;236.2;197.9;213.5;264.2;257;197.6;130.3;106.6;107.9;77;55.5;28.2;19.6;15.5;5.9;0.3;0;1
14/01/2023;153.1;51.9;147.3;124.9;174.1;208.7;196.3;206.7;190.5;117.9;77.7;131.9;166.1;92.2;206.1;217.1;243.2;194.5;253.8;239;251.9;258.5;263;265;1
15/01/2023;231.1;261.9;256;243.9;213.9;170.7;197.3;230.6;196.6;154.9;116.3;100.2;159.3;160.2;242.8;265.2;264.9;265.3;262.6;263.5;262.3;242.9;236.9;236.1;1
18/01/2023;31.7;46.4;98.9;119.6;162.9;195.4;258.2;228.5;222.8;232.2;207.9;253;246.4;263.8;264.7;264.1;250.6;222.9;182.7;201.2;225.3;264.9;265.2;264.7;1
20/01/2023;75;133.3;139;136.5;73.9;85.8;97.2;115;83.9;58.9;139.7;210.3;186.7;194.5;240.9;259;264.9;265;264.7;264.4;263.7;264.7;265.3;260.1;1
21/01/2023;67.1;40.4;37.6;50.5;84.5;71.9;84.1;168.7;211.9;152.5;202.9;256.9;265.4;265.5;265.5;265.4;265.4;263.5;263.7;262.8;261.8;229.2;246;250.5;1
27/01/2023;242.4;236.8;245.6;254;212.2;147.8;106.1;83.4;83.1;69;24.8;8.7;0.3;4;35;60.9;50;78.9;63;159.4;214.9;237;263.4;265.3;1
28/01/2023;265.4;265.3;261.7;260.1;265.3;265.2;256.2;146.8;127.9;59.3;28.3;30.1;14.5;148.9;221.2;264.7;264.2;215.7;179.5;114;140.1;98.9;104;156;1
04/02/2023;259.9;211.9;162.8;247.3;264.9;265.1;261;244.5;259;256.1;262.5;236.4;241.9;227.1;173.8;111.3;78.4;35.9;9.5;85.5;121.7;94.2;86.4;126.5;1
05/02/2023;99.1;80.6;68;16.2;0;0;0;0;8.1;11.5;7;38.8;62.6;54.1;39.4;50.1;65.3;114.2;171.8;186.3;201.6;182.4;73;66;1
06/02/2023;130.9;201.6;248.7;170.1;231.6;162.7;204.7;241.7;239.7;199.7;153.7;209.3;246;231.5;182.5;99.4;80.5;92.5;148.8;234.9;265;265;265.4;265.4;1
07/02/2023;265.3;265.1;263.8;262.7;264.5;265.3;265.1;264.6;259.9;253;252.5;258;258.5;261.9;246.4;199.2;172.8;137.3;81.2;54.1;20.4;11.8;41.9;24.1;1
10/02/2023;259.1;218.8;207.9;171.8;81.9;162.4;221.3;246;181;204.9;255.3;248.3;206.1;216;172.9;154.2;108.2;75.8;52.3;28.4;9.9;3.2;0.7;0.8;1
12/02/2023;232.3;254;233.4;183;256.4;265.2;264.4;256.2;219.5;160.3;166.8;114.7;90.9;156.1;193.4;167.8;191.6;106.7;244.1;194.1;132.9;88.9;37.8;28;1
14/02/2023;138.1;134.1;144.8;118.8;251.2;242.8;250.7;265.2;265.5;265.5;265.5;264.4;258.6;265.3;234.6;111.3;243.2;265.2;253.4;167.5;127.4;117.3;189.1;236.4;1
15/02/2023;224.4;240.8;185;114.3;64.2;40.4;10.5;1.5;78;174.6;224.3;228.2;221.6;69.6;70.6;121.4;59.3;225.3;265.4;250;213.3;265.2;261.9;265.5;1
16/02/2023;265.3;265.4;264.8;241.9;245.4;260.6;260.5;263.6;262.9;262.2;265.4;265.4;265.1;265.1;265.2;264.7;263.4;258;226.7;144.9;112.2;95.7;73.4;79.3;1
18/02/2023;240.1;109;63.5;131.6;137.9;152;213.4;134.5;178;220.6;263.6;265.5;265.5;265.5;265.3;265.5;265.4;255.5;248.5;247.8;182.2;235.6;241.1;265;1
20/02/2023;256.4;264.4;265.3;263.7;262.7;264.9;264.4;265.4;265.3;265.4;265.5;265.4;265.2;265.3;265.4;265.4;264.7;265.1;246.8;248;245.1;196.9;156.9;102.2;1
21/02/2023;151.2;99.3;54.7;51.4;35.1;70.4;75.6;89.2;171.9;187;169.8;199.5;226.2;94.9;258.1;265.5;265.5;264.9;264.4;264.1;263.8;265.4;264.1;265.4;1
22/02/2023;264.9;258.2;254.1;238.3;259.4;259.6;259.1;258.9;256.1;265.2;265.5;265.5;265.4;262.8;257.3;241.3;265;265.5;265.5;265.3;265.1;265.1;244.5;146.2;1
23/02/2023;153.6;205.6;133.7;137.5;128.5;134.9;75.7;76.9;32.3;34;24.7;21;10.2;13.6;21.4;42.7;45.8;81.1;121.8;82.9;99.6;60.5;53.5;72.7;1
26/02/2023;160.5;174.3;224;226.7;224.8;211.1;218.4;231.7;239.3;170.1;119.8;198.8;212.3;206.1;219.7;265.5;265.5;262.6;260.5;246.5;232.4;253.9;265.2;265.5;1
27/02/2023;265.5;265.5;265.5;264.9;200.7;210.6;182.1;187.1;185.3;76.9;57.3;48.1;2;2.2;18;28.2;10.9;236.8;247.4;188;168.6;232.3;265.4;265.4;1
05/03/2023;209;199.3;256.9;258.5;217.9;178;66.9;74;101.1;113.6;98.8;86.8;117.4;207;245.2;253.7;259.2;234.8;172.6;131.4;51.1;32.3;72;99.5;1
11/03/2023;262.3;260.3;251.3;260.3;264;238.4;265;265.4;265.2;265.4;265.5;260;263;262.7;242;200.1;143.1;149.3;192;192;193.9;199.2;162.8;153.1;1
15/03/2023;207.9;172.9;159.7;203.2;222.4;159.7;227;216.7;228.9;254.3;206.3;167.7;214;253;254.4;265.2;264.6;252.9;207;245.4;265.1;265.3;264.7;265.4;1
16/03/2023;265.3;259.7;257.7;209;176.2;156.2;173.5;88.9;81.5;210.2;261;254.2;265.5;265.5;265.5;265.5;265.5;265.5;265.5;264.5;243.8;263.1;265;265;1
20/03/2023;236.8;254.4;231.5;213.3;248;222.6;158.2;229.7;176.1;180;194.8;208.4;240.9;243.1;261.8;265.3;265.2;265.1;260.7;200.5;158.2;113;152;236.6;1
21/03/2023;190.4;136.9;168.9;124.2;111.9;141.1;149.3;116.4;100.6;113.2;188.8;160.4;207.5;195.1;206.5;218.3;203.8;181;163.6;218.7;186.1;91.3;43;85.3;1
22/03/2023;112.9;177.3;150.9;153.9;230.7;220.8;202.6;193.7;152.3;122.3;107.3;201.4;264.5;252.4;265;257.3;237.8;246.9;230.4;205.1;221.1;259.3;216.3;87.9;1
30/03/2023;211.1;137.5;87;156.3;191;190.3;151.3;149;93.6;160.7;151.8;238;262.3;265.2;264;258.2;265.2;264.8;265.1;265;265.5;265.3;258.7;262.9;1
31/03/2023;255.1;257.8;187.2;136.9;220.8;229.3;235.4;263.8;265.4;265.5;265.5;265.5;265.5;265.5;265.4;264.9;265.1;256.8;258.6;207.9;98.4;179.6;221;88.5;1
02/04/2023;177.9;43.9;77.6;189.2;176.1;217.8;214.9;211.8;189.3;219.2;141;99.1;111.9;163.6;206.7;170.9;209.5;228.2;226.6;163.7;166.6;178.9;199.6;148.8;1
03/04/2023;158.6;175.3;175.9;211.7;205.6;207;236.5;155.3;232.3;261.2;263.6;261.8;262.1;264.4;260.7;257.9;249.5;251.8;262.6;257.8;262.2;265.2;264.9;234.3;1
04/04/2023;210.2;211.2;258.1;179.6;113.5;165.5;257.8;232.1;201.5;218.1;265.5;265.5;265.5;265.5;265.5;265.5;265.5;265.5;265.5;264;141.3;152.6;175.3;195.5;1
05/04/2023;219;159.2;159.7;149.3;210.6;215.2;154.1;185.3;253.4;221.7;116.1;68;53.3;33.3;10.3;6.5;2.7;4.8;3.5;21.8;73.2;62.2;85.6;60.8;1
06/04/2023;0;0;0;0;0;0;0;0;0;0;0;0;0;0;0;0;0;0;0;0;0;;;;1
09/04/2023;239.4;192.6;104.9;29.7;17.9;75.4;50.5;101.9;16.7;5.6;0;0.3;17.5;56.1;87.2;76.7;92.1;138.5;170.4;141.2;100;68.6;31.6;29.1;1
12/04/2023;209.8;167.8;207.8;188.1;219.8;206.1;169.8;147.3;215.6;252.5;240.2;256.1;226.1;227.6;202.2;198.3;204.4;239.8;241.7;252.8;242.6;265;263.3;244.3;1
13/04/2023;238.6;210.7;173.9;164.3;168;146.9;157;109.4;120.7;197.8;152.7;173.1;202.9;214.4;249.4;258;254;241.9;224.5;232.7;246.2;244;261;244.1;1
17/04/2023;76.9;101.7;127.5;121.7;223.8;249.8;215.8;114.9;120.7;226.5;247.4;222.1;235.6;251;248.3;228.7;209.2;251.9;219.1;138.1;170.7;183.2;252.9;265.2;1
18/04/2023;264.4;219.8;205.4;249.8;264.1;221.2;213.8;256.7;208.3;209.7;171;129.2;192.8;243.4;256.3;264.6;252.3;245.8;209.9;112;121.1;66.4;37.5;39.5;1
19/04/2023;93.4;77.7;102.8;146.7;59.7;61.6;78.4;77.2;134.1;107.2;60.3;136.3;144.2;242;237.6;222;246.9;235;227.3;238.9;219.8;109.4;97.6;177.9;1
22/04/2023;212.9;244.7;258.2;258.6;257.6;261.8;263.2;265.2;265.4;265.4;264.9;264.4;253.4;245.6;241.5;198.4;208.9;157.2;189.6;137.5;137.8;86.2;63.2;42.5;1
28/04/2023;91.4;135.9;186.8;125.2;178.2;125.6;156.2;213.7;265.3;265.5;265.5;265.4;265.3;265.4;265.5;265.4;265.4;265.4;262.1;231.1;198.7;126.8;125;161.1;1
30/04/2023;56.7;97.2;61.7;70.9;48;20.6;2.3;0.9;1;16.4;42.1;40.8;68.2;135.6;95.7;73.2;105.9;132;124.8;158.6;148.1;123.7;107.1;62.9;1
07/05/2023;250.8;169.1;56;92.2;114.4;105;145.4;132.5;73.1;58.4;47.8;120.6;192.9;212.9;202.2;192.7;191.4;133.3;137;72.7;157.8;264.9;263.8;263.4;1
29/06/2023;184.6;215.5;228.8;208.9;147.2;165;136.2;66.4;140.4;125.6;155.5;179.3;181.9;170.4;187.4;191.4;183.7;215.4;200.4;121.3;178.4;163.8;146.9;164.3;1
18/07/2023;145.1;207.2;257.3;264.8;265.4;265.1;264.6;265.4;265.1;237.3;206.5;210.7;257;259.6;248.9;263.3;261.7;252.6;218.7;181.9;197.5;151.2;194.8;248.2;1
21/10/2022;198.8;165.9;144.5;220.3;217.1;201.6;154.3;170.7;112;37.9;44.8;45.3;121.6;229.5;240.7;242.1;239.2;240.2;152;143.2;148.4;123;156.8;213.7;1
26/10/2022;80.5;23.2;24.5;49.5;39.6;24.1;59.4;96.7;97.6;35.1;59.9;108.1;151.7;187.2;232.6;237;232.4;152.5;126.8;94.2;217.5;225.5;248.1;260.6;1
11/11/2022;165.1;227;257.9;262.9;263.1;264;264.5;265.3;265.4;259;252.5;225.4;213;232.9;252.3;237.1;198.5;155.3;140.9;162.8;123.7;75;93.5;50.8;2
13/11/2022;55.3;69.5;62.4;103.7;189.7;180.8;116.3;68.4;50.5;65.3;121.2;223.1;261.4;260.8;247.9;236.1;244.4;259.5;180.5;162.8;136.1;101.6;154.2;91.1;1
25/11/2022;249.6;242.1;258;214.7;229.6;158.4;97.2;140.5;187.3;136.9;123.7;131.4;174.8;182.5;174.2;174.7;146.8;201.6;145.3;55.5;77.7;65.4;28.4;28.5;2
18/12/2022;8;21.1;65.6;85.7;77.7;85.2;73.6;51.9;70.8;104.4;152.3;91.1;157.9;86.6;138.2;170.6;201.6;218.4;139.9;102.3;105.1;79.9;142.5;139.5;1
26/12/2022;264.7;262.8;252.8;243;172;195.8;263.1;262.7;265.1;263.6;255.2;264.7;262.4;255.2;219.1;122.9;89.1;29.2;10.6;1.4;8.3;49;117.9;161;2
29/12/2022;261.7;264.7;264.3;265.2;265.2;265.1;265.5;265.4;265.5;265.5;265.5;265.5;262.1;262.2;235.2;213.9;124;64.5;19.3;22;30.3;44.1;59.2;53.1;1
30/12/2022;14.5;16.8;8.9;3.3;31.1;68;70.6;41.7;27.9;35.6;30.6;44.6;41;45.3;74.9;179.5;124.6;102.5;82.1;106.5;72.8;83.5;57.6;231.2;1
03/01/2023;257.5;254.3;258.9;263.9;199.1;92.1;103.2;153.4;146.2;66.9;38.6;9.8;3.1;4.2;0.7;2.2;9.3;5.2;0.7;0;6.2;17.7;23;22;1
04/01/2023;12.2;4.8;0.7;2.9;0;0;0.2;0;0;0;0;1.7;0;9.4;52.2;47.9;99.2;73.7;143.8;115.9;78.8;92.9;102.5;34.4;1
07/01/2023;251.2;209.3;213.3;252.4;263.2;265;261.9;254.2;251.1;219.9;197.4;183.9;88.6;57.2;34.4;12.6;14.8;13.7;21;29.5;11.4;5.6;4.1;6.1;1
19/01/2023;255.8;246.2;225.1;264.9;265.3;265.3;263.9;257.9;61.9;44.8;17.7;4.4;0;1.5;16.1;17;18.8;30.6;29.7;78.2;127.4;190.5;93.3;76.8;1
23/01/2023;70.5;95.2;41.8;84.7;135.6;94.8;41.5;18;23.5;21.1;59.1;106;109.7;75.8;55.6;59.8;82.6;101;59.6;56.5;39.8;27;47.9;69.7;1
24/01/2023;72.1;22.8;42.6;27.3;9.6;0.5;2.7;4.2;6.3;14.7;38.1;31.1;27.9;34.9;30.8;60.7;60.7;71;80.2;87.2;137.2;169;219.9;240;1
25/01/2023;263.7;256.4;217.1;228.9;263;246.6;261.7;265.2;265.1;264.3;255.3;226.8;227.3;136.1;89.2;84.8;74.9;60.1;23.6;32;113.6;169.4;137.9;170.4;1
03/02/2023;72.3;6.1;0.9;0.1;4.9;1;14.3;26;36.7;52.7;66.4;35.3;47.9;75;156.2;189.7;229.6;150.4;131.8;187.1;226.4;221;216.5;261.5;2
09/02/2023;73.7;58.1;75.3;237.6;247;255.8;264.7;265.2;265.1;265.4;265.5;265.4;265.4;265.5;265.5;265.5;265.5;223.8;87.7;182.2;250.4;233.8;230.5;260.1;1
13/02/2023;47.3;158.2;151.9;111.4;65.3;64.5;47.2;69.8;56.7;12.2;20.8;48.1;69.6;72.4;81.8;122.9;186.5;161.4;200.4;237.2;236.4;206.7;31;38.7;1
19/02/2023;262;242.7;256.8;263.5;262.7;228.3;178.3;173.6;112.1;203.7;219.1;208.6;261.3;264.1;264.8;264.9;265;263.6;254.1;202.6;233.8;245.1;256.5;258.5;1
28/02/2023;263.3;238.7;181.2;85.8;113.1;252.2;256;263.8;261.5;256.1;259.9;265.3;265.3;265.4;265.4;265.3;265;264.8;244.7;202.3;89.1;130.8;198.6;228.9;1
02/03/2023;46.4;47.6;127.5;69.3;50.5;63;56.7;55.6;48.3;32.8;6.5;1;0.2;2;22.1;28.2;57.4;160.6;246.9;182.1;152.4;121.4;189.3;168;2
03/03/2023;56.9;162.2;194.9;247.7;256.2;262.5;258.9;249.2;184.7;83.6;30.2;1.3;1.5;1.4;11;34.8;47.6;85.5;65.8;115;152.7;191.7;209;134.8;1
12/03/2023;89.9;86.9;44.8;64;93.9;98.6;67.3;32.2;23.1;31.6;32.6;54.6;68.5;47.7;29.1;6.1;4.7;5.8;5.8;38.9;41.6;51.7;85.1;64.6;2
13/03/2023;49.2;42.4;61.1;30.3;24;18.4;11.9;34.5;21.8;28.7;45.6;39.8;66.6;122;74.6;68.7;75.2;79.8;153.9;204;194.3;221.3;150.9;178.3;2
14/03/2023;19.3;41.6;76.5;25.2;20.5;31.9;;;;;1.5;21;40.3;78.2;118.7;148.6;158.2;164.7;196.2;245.5;243;255.8;247.4;252.1;2
17/03/2023;261;231.3;95.5;111.5;68.6;53.7;27.5;18.6;4.2;8;13.6;20.2;22.3;16.6;16.1;13.3;11.6;17.5;11.7;19.8;7.7;2.2;3.4;2.7;2
24/03/2023;105.4;146.6;28.4;21.7;87.6;102.6;66.9;57.1;11.8;0;9.8;77.1;104.7;105.2;78;108.1;134.3;141.5;119.5;150.5;131.7;105.8;81.9;31.9;1
28/03/2023;251.4;248.8;246.3;235.6;134.4;198.5;165.6;99.1;90.9;44;25.6;21;37.9;14.4;2.7;6.4;3.5;14.2;32.7;48.1;85.1;104.6;115.5;128.6;2
07/04/2023;46.8;49.9;64.2;53.6;87.5;96.8;81.2;69.3;34.5;22.5;23;49.7;38.5;51.1;20.4;26.3;43;73.4;100.6;124.2;131;140.7;136.8;58.6;1
11/04/2023;112.3;41.4;63.5;36.6;30.7;23.2;26.9;28.2;22.2;22.9;41;80.1;83.9;58;57.8;53.5;52;50.2;148.1;235.3;253.4;262.2;262.9;237.9;1
14/04/2023;232.7;247;173.8;228.2;222.9;225.7;179.2;115.6;83.6;89.8;61.3;53.7;76.8;99.7;102.1;164.3;220.7;243.4;179.5;83.5;55.9;65.5;72.8;78.8;2
15/04/2023;193.6;265.2;263.9;264.6;262.1;259.2;258.2;259;263.8;247.1;213.8;161.3;166.1;141.1;168.9;219.7;262;239.8;247.3;151.8;194;139.3;93;119.5;1
16/04/2023;127.9;154.3;95.2;33.2;19;20.6;27.2;19.7;5.6;5.5;4.5;8.8;9;8;15.3;17.1;16.8;19;22;30.1;140.2;209.4;160.5;154.2;1
20/04/2023;144.7;244.4;265.5;265.5;265.5;265;264.7;256.3;261.6;232.1;125.4;46.4;25.7;25.6;5.9;2.9;5.3;0;4.9;28.4;131.7;170.2;159.8;139.4;1
25/04/2023;115.6;40.7;142.5;106.5;102.4;20.5;15.1;7.5;22.1;35;62.1;65;105.8;178.7;121.7;78;129.4;164.7;265.4;248.5;202.9;265.2;225.3;210.8;1
27/04/2023;201.4;160.7;144.7;132.2;135.2;205.4;169.8;87.3;93.3;95.3;78.4;50.5;28.5;13.4;7.6;8;29.4;31.2;54.1;168.4;240.5;260;251.9;220.9;1
29/04/2023;196.8;226;248.2;253.8;234.7;241.7;230.7;135.1;102.6;119.3;127.5;111.7;105.4;119.4;128.6;135.7;150;120.7;96.1;59.2;8;0;24.4;47.4;1
06/05/2023;129.3;138.3;175.8;186.7;189.5;148.2;77.8;55;20.7;17.2;18.8;19.4;76.4;59.6;65.3;87;97.9;103.6;71.3;51.2;79.9;103.3;221.8;259.1;1
09/05/2023;257.7;231.3;130.1;181.8;160.9;206.7;227.1;223.3;215.3;121.1;146.1;83.9;77.9;110.5;106.4;91.1;39.4;157.6;258.7;264.2;265.3;264.8;245.8;230.7;1
10/05/2023;234.1;171.5;186.3;107.1;131.1;118.2;113.8;83.7;69.5;57.4;113.1;177;202.6;204.8;237.1;254.7;258.5;264.4;264.7;261.1;261.7;257.7;245.3;254.8;1
13/05/2023;77.2;25;136.5;229.6;199.7;259;224;208.3;223.3;251.9;263.3;247.5;208.5;152.1;207;200.4;178.8;179.7;124.6;108.2;73;98.5;77.2;40.8;2
17/05/2023;35;23.8;22.8;14.7;20.3;17.1;12.9;2.2;2;3.1;7.5;5.6;4.8;18.5;18.2;29.3;45.4;90.8;130.3;116.5;128;159.3;66.4;152.8;2
22/05/2023;7.8;0.4;18.8;79.4;110.1;24.1;42.6;27.4;50.9;60.6;61.2;47.1;74.4;108.6;40.7;29.3;22;70;130;85.8;99.3;119.9;196.1;24.4;2
27/05/2023;94.7;149.5;183.2;58;121.4;249.4;160.1;28.6;0.2;8.3;3.1;11.1;46.2;77.4;140.2;127.2;225.8;220.3;178.2;133.5;101.1;181.4;10.3;95.3;1
28/05/2023;244.4;259.1;110.4;71.8;0.9;0;0;14.1;76;86.1;68.6;47.6;57.5;130.7;109.3;197.8;105.4;24.1;59.5;66.6;55.4;5.9;63.8;210.4;1
30/05/2023;117.9;106.8;79.1;84.7;35.4;12.1;11.6;9.1;13;27.2;26.8;37.4;46.3;55.4;92.2;102;129.6;140.7;101.8;143.4;167.9;169.1;113.7;77.3;1
31/05/2023;185.1;119.8;169.3;143.9;137.7;196.9;184.5;111.5;71.3;46.9;134.4;131.4;164.8;185.2;124.1;135.1;102.3;130.4;187.9;207.7;157.1;170.7;242.5;234.4;1
01/06/2023;87.7;86.8;231.4;203.9;125.3;99.7;121.7;58.5;36.1;22.6;113.1;219.2;183.2;165.9;181.1;166.2;91.6;189.8;164;120.7;143;148.6;175.2;154.2;2
04/06/2023;104.2;37.4;59.1;87.5;93.4;116.6;66.6;20.7;8.4;7.7;9;26.6;53.7;1.3;87;111.2;28.1;19.3;10.4;12.4;12.9;18.7;27.7;11.3;1
05/06/2023;2;7.6;27;36.7;54.2;52.3;35.1;5.3;0;6.2;11.3;4.5;6.8;5;16.5;0.1;0.1;0;92;0.9;8.6;21.4;59.8;21.1;2
07/06/2023;129;67.4;28;11.2;94.6;195.7;103.5;43.7;6.5;0;2.5;0.4;0;2.9;9;49.9;68.5;82.6;71.1;73.2;113;155.8;153.5;134.5;2
08/06/2023;184.4;49.7;114.8;7.8;22;19.7;30.9;51.7;31.8;43.9;64.7;25.6;25;7;14.3;8.7;5.4;4.9;0.2;2.3;4.8;12.8;23.4;27.8;1
11/06/2023;93.3;64.6;132.9;94.5;189.1;164.7;88.1;85.4;99.5;92.6;76.2;10;11.1;15.8;91.3;75.8;88.4;89;138.5;235.6;155.1;169.7;166.3;118.5;2
12/06/2023;141.2;158.9;193;102.1;102.1;240.1;225.9;192.7;130.3;47.4;126.5;94.1;93;39.2;56.1;58.7;102.3;102.1;116.6;130.3;58.4;65.4;79;65;1
15/06/2023;175.4;177.3;113.7;213.7;211.4;184;180.2;154.6;95.3;53.3;26.6;16.5;46.9;52.4;55.4;236.1;262.2;260.3;224.6;212.1;177.9;144.2;60;39;2
22/06/2023;59.3;38.7;18.6;34.2;52.5;48.8;61.3;93.4;61.2;30.8;25.9;6.1;7.3;6.2;2.9;20.6;118.5;195.1;205.6;178.8;195.8;78.9;24;47.9;2
23/06/2023;74.8;171;43.6;69;251.3;256.3;224.9;69.6;16.1;19.4;61;36.8;87.9;160.2;208.6;253.8;260.4;250.3;265.5;250.4;73.6;198.4;264.6;247.8;1
24/06/2023;150.1;109.6;176.1;263.7;264.8;264.9;265;249.6;262.2;258;185.1;80.4;89.8;67.4;62.6;74.6;42;21.6;30.6;85.6;177.3;188.4;154.9;102;1
27/06/2023;150.3;164.3;190.5;92.9;98.5;81.5;172.8;217;202;102.9;88;101.1;114.1;71.9;210.4;251.4;256.1;254.9;252.1;217.3;126.1;131.8;147.8;137.9;1
28/06/2023;146.9;64.3;261.5;260.5;265.3;263.6;177.7;106.3;126.8;230.7;248.2;242;251.1;228.2;194.2;210.9;201.5;252.7;220.6;161.8;189.3;215.3;170;212.7;1
30/06/2023;152.8;132.4;193.7;198.9;179.4;106.4;54.9;35.5;58.1;57;31.8;18.1;22.9;12.6;79.4;98.7;99.1;64.9;8.9;17.2;2.5;16.9;57.4;40.8;1
01/07/2023;59.9;259;238.8;64.6;21.3;17.7;43.1;2.1;1.4;1.6;0;0.1;6.5;0.7;0.3;1.5;10.1;2.5;30;75.8;40.2;30.2;31;45.7;1
04/07/2023;18.3;50.2;79.9;109.3;85.1;55.9;29.8;24.3;11.7;19.1;36.7;32.4;23.1;24.7;23.7;20.5;37;34.4;38.1;45.1;61.5;115.1;127.6;154.9;2
09/07/2023;76.4;183.9;246.8;150.5;86.8;83.5;34.7;27.2;17.6;12.3;16.2;9.2;5.9;21.3;28.9;22;7.8;4.9;8.9;17.4;25.7;23.7;39.8;18.7;1
19/07/2023;243.1;243.8;255.4;238.8;252.2;265.2;265.5;265;203.6;164.1;197.3;218.2;215.9;207.6;185.5;171.8;165.4;129;135;102.5;165.2;150.1;76.3;136;1
14/08/2023;138.1;264;265.4;258.8;191.9;119.1;137.9;132.7;110.5;55.9;82.5;82.6;63.1;65.1;48.2;34.5;35.4;29.1;24.5;18.9;3.1;3.6;5.7;12.3;2
03/09/2023;217;174.7;117;29.6;14.2;16.8;18.3;30.8;33.7;19;21.6;29.2;14;30.6;18.2;47.1;35.4;36.8;60;68.1;68.4;81.9;57.9;77.6;1
04/09/2023;116;117.9;125.5;197.4;242.5;261.1;263.5;262.9;233.1;99.9;248.5;184.5;116.2;156.8;189.4;245.1;253.8;239.3;230.4;154.1;118.1;175;186.1;160.3;1
10/09/2023;121.6;155.4;44.6;36.8;192.8;133.4;37.3;35.9;23.5;62.4;61.8;58.3;125.3;102.9;104;51;49.2;171.4;221.4;106.5;129.5;182.6;177.5;52.6;2
11/09/2023;93.7;160.4;66.1;144.3;125.8;54;40.1;42.1;19.9;5.4;4;5.5;5.1;35.1;177.3;258.5;263.6;248.5;248.5;171.7;192.7;127.3;140.2;152.8;1
18/09/2023;20.5;24.8;38.7;23.3;23;40.4;36.7;71.7;101.6;169.7;223.9;225.6;201.7;178.4;198.3;188.1;157.3;234;167.9;118.9;166.3;134.7;181.8;176.7;2
19/09/2023;144.3;14.2;179.4;241.3;217.9;94.2;5;8.1;11.8;17.9;13.7;12.2;26.2;25.2;17.9;15.4;24.2;3.5;2.4;4.3;0.9;7.3;24.4;39;1
11/10/2022;56;55.1;82.4;113.3;48.5;171.6;62.2;86.4;104.5;199;164.8;206;209.1;231.1;220;221.1;245.8;239.3;182.9;118.4;169.5;178.7;229.3;168.2;2
24/10/2022;112;60.9;55.7;78.2;70.6;69.8;75;41;49.8;81.6;66.8;89.3;125.6;179;265.4;265.4;265.1;262.5;265;262;195.2;75.9;93.5;64.1;2
01/11/2022;107.8;135.4;73.1;33.2;87.1;78.8;49.8;115.9;189.1;83;92;134.1;131.8;119.8;129.7;173.5;220.4;204.7;151.3;166.1;132.7;149.6;144.7;200.5;2
10/11/2022;265.4;265.4;265.2;261.3;250.4;158.6;117.1;79.5;79.4;58.4;102.7;120;86.8;76.8;77;58.7;89.3;122.5;121.5;109.2;119.9;134.9;160.5;134.2;2
12/11/2022;35.9;17.9;9.1;0.9;1.3;0.6;4.7;6;12.8;2.3;3.9;19.9;43.4;29.7;19.1;25.1;39.5;39.9;41.1;97.6;139.1;82.2;51.9;57.3;2
14/11/2022;77;91.9;94.4;122.9;15.9;37.7;35.4;29.1;35.2;76.2;252.1;249.9;262.9;265.1;265.2;264.7;265.2;261.5;227;221.5;147.1;126.3;113.4;123.8;2
02/12/2022;265;242.8;233.6;198.1;250.9;265.2;264.4;263.5;263.8;265.3;263.8;249.1;265.1;265.4;265.5;265.5;265.4;263;224.2;171.4;134.2;150.2;265.4;265.4;2
05/12/2022;168.2;136;224.3;198.7;178.4;245.7;264.2;263.8;264.1;265.3;265.4;260.8;244.2;249.2;258.3;243.6;227.9;230;223.1;256.1;217.1;235.7;263.5;227.6;2
13/12/2022;122.7;138.1;159.1;146;192.5;242.8;205.9;157;136.8;191.9;138.6;204;247.7;264.3;265.3;264.9;265.2;260.3;222.5;162.5;162.4;228.1;257.8;134.4;2
14/12/2022;79.5;91;40.7;26.2;44.1;33.5;37.4;94.2;134.4;92.7;126.7;68.6;16.5;4.2;3.6;7.1;5.5;0;8.3;14;29.7;84.3;46.5;10.3;2
25/12/2022;97.5;85.7;168.7;203.7;121.9;72.7;3.1;8;20;12.4;8;28.7;53.7;43.6;122.8;187.9;239.7;172.9;157.6;66;45.7;44.1;56.1;257.8;2
05/01/2023;24.2;22.5;2.9;7;5.5;5.8;0.4;0;0;0;1.8;25.9;47;70.5;72.7;59.4;45.3;63.5;115.7;135.3;125;227;171.5;127.5;2
13/01/2023;1.2;7.7;7.7;19.6;38;58.4;75;91.8;104.9;75.3;55.1;51.5;52.1;57.2;72;75.8;39.9;72.3;61.4;54.2;51.1;45.3;99.1;110.8;2
16/01/2023;262.3;265.4;265.1;262.7;247.5;254.5;258;243.8;226.8;251.2;201.8;157.8;184.3;233.6;261.9;264.1;262.8;243.8;249.9;217.2;232.1;254.5;218.5;179.7;2
17/01/2023;261;207.4;160.5;201.8;173.7;174.5;61;29.4;22.8;40.1;11.3;31.1;12.3;11.4;21;96.3;167;141.2;170.2;137.1;148.6;128.8;109.4;156.6;2
22/01/2023;179;223.7;85.9;107.2;155.2;257.6;236.9;143.4;67.8;53.2;39.5;16.6;62.4;82.2;45.5;32.8;25.9;14.8;7.1;15.6;35.4;45.1;78.8;70.8;2
26/01/2023;218.9;230;248.1;256.9;264.7;262.5;262;236.5;241.5;236.9;85.6;36.3;56.1;32.9;41.3;114.3;143.8;136.2;97.3;67.3;73.3;106.6;175.6;189.6;2
29/01/2023;204.2;225.3;202.3;129.1;107.3;137.5;168.1;112.5;80.4;51.6;42;34.1;35.9;35.9;19.4;7.8;4.9;5.5;14.9;24;49;68.4;75.8;97.7;2
08/02/2023;24.4;30.2;39.8;9.4;45;58.4;56.7;32.7;50.6;46.2;22.1;24.1;49;52.1;55.5;69.3;86.1;72.5;49.9;26.4;4.6;16.3;14;28.5;2
11/02/2023;0.5;0;0.2;4.7;8.8;18;72.3;86;101.2;68.7;34.9;43.1;55.6;77.2;98;95.1;94.2;107.7;131.5;176.2;147.9;170.9;220.5;177.6;2
17/02/2023;69.2;94.1;40.9;34.9;54.1;93.4;133.5;139.6;145.9;188.5;124.3;87.7;55.9;65.1;41.9;30.3;30.3;44.7;50.2;38;25.6;64.6;72.5;150;2
01/03/2023;255.7;220.7;193.7;243.8;243.2;224.1;183.4;93.1;148.3;142.9;164.4;121.5;49.4;45.5;88.5;61.3;105.9;105.2;130.1;202.1;241.5;265;265.2;45.6;2
04/03/2023;76.4;129.4;153.1;223.9;158.2;264.8;265.5;265.2;265.1;264.7;256.1;215;191.2;77.9;31.3;13.3;4.7;0.7;13;30.5;141.6;160.6;93.6;233.6;2
06/03/2023;115.6;105.6;134.7;129.1;103.4;81.7;153.7;146.1;99.8;42.8;5.9;4.3;1.4;4.6;3.2;0.2;28;41.1;56.5;145.8;140.3;111.3;94.8;150.7;2
07/03/2023;123.7;119.9;107.3;135;130.3;85.5;106.7;70;35.4;18.9;33.4;15.3;8.5;15;24.9;17.3;6.5;11.8;28.5;38.9;47.7;55.4;35.4;80.3;2
10/03/2023;61.9;54.4;33.9;28.6;19.1;15.7;17.9;10.8;26.2;69;104.2;159.6;187.6;231;243.5;239.9;244.3;242.8;240.7;190.7;167.9;169.9;103.1;147.9;2
25/03/2023;19.6;16.2;171.1;211.3;245.7;227.5;244.7;259.2;260.6;265.5;265.5;264.6;248.8;156.9;111.2;86.2;55.5;43.2;112.3;179.1;72.3;102.7;73.3;46.4;2
01/04/2023;183.3;248.9;263.9;212.8;177;60.7;56.9;51.9;27.2;16.2;17.5;34.8;45.7;54.8;106.5;135.8;174.5;182.9;193.1;189.8;229.9;254.7;259.3;234.2;2
08/04/2023;34.2;15;21;12.9;11.5;11.3;16.2;10.3;13.9;22.4;29.7;29;22.5;34.5;51.5;75.4;92.3;95.7;121.9;164.9;193.7;231.1;241;255.4;2
10/04/2023;53;11;4.5;0;0;9.6;12.9;16.2;17;37.1;46.9;9.7;0.3;8.2;8.2;8.2;8.4;5.2;1.8;3.3;29;63.1;45.6;65.5;2
26/04/2023;88.2;84.9;163.6;78.8;208.9;143.8;135.8;56.9;11.4;9.5;0.7;0.4;0;20.1;36.1;86.5;171.8;73.7;97.9;94.6;116;154.5;153.2;146.8;2
02/05/2023;250.8;212.7;120;30.3;29.5;24;23.2;20.3;14.2;63.7;104.6;57.1;54.4;78.2;53.3;50.9;43.5;43;57.8;70.3;150.7;232.7;213.1;162.2;2
03/05/2023;164.7;134.6;240.4;8.3;0.1;29.6;73.8;84.7;27.8;20.6;37.3;48.1;67.8;66.5;69.3;91.7;110.4;91.2;75.8;168.6;248.2;219.1;197.4;200.2;2
05/05/2023;36.2;34.8;27.2;101.5;241.5;207.6;203.2;84.4;91.2;82;114.1;243.9;246.3;263.3;251.1;263.9;262.1;250.8;230.6;125.6;82;74.2;111.6;118.6;2
08/05/2023;224;209.3;254.1;224;203.6;226.6;112.8;165;105.6;58.5;48.5;23.5;16.3;9.8;4.7;1.4;0.1;1.3;6.9;9.4;73.9;199.3;235.9;262.9;2
12/05/2023;111.7;115.7;181.8;155.2;118.2;156.1;189.8;64.6;97.7;47.8;16.3;3.7;0.1;0.8;0.8;0.6;1.1;46.4;67.9;81.9;57.7;157.5;167.2;107.5;2
14/05/2023;47.6;34;50.1;58.3;80.4;76.1;70.9;67.9;63.1;54.6;32.9;33.3;19;15.6;10.5;1.9;59.7;141.4;152.2;123.3;152.4;170.8;177.1;149.3;2
15/05/2023;120.5;94.7;101.5;181.8;237.9;263.5;261.8;264.1;263.5;249.1;220.9;222;187.9;143.2;136.4;84.5;71.5;60.2;56.5;40.8;28.6;17.3;8.7;6.8;2
16/05/2023;6.2;5.1;0.4;0.1;0;0.1;8.3;6.3;6.9;20.5;10.6;5.5;10.7;3.2;0.6;0.9;3.1;2.6;27.2;72.2;113.8;118.5;84;44.7;2
18/05/2023;120.8;100.5;92.3;51.7;32.6;27.3;8.7;13;12.3;24.1;15.2;2.5;0.5;6.4;9.3;23.5;101.9;61;197.9;235.9;262.4;227.2;51.6;0;2
19/05/2023;6.3;36.9;14.9;66.3;37.5;45.3;129.2;135.3;174.5;233.1;246.9;221.2;205.6;236.7;261.4;249.8;246.3;225.6;161.1;213.6;152.8;92.6;64.3;65.7;2
20/05/2023;23.5;9.5;26.3;34.9;18.6;65.1;60;4.4;2;2.3;1.8;0;0;0;0;0;4.7;13;29.4;53.8;69.7;163.4;120.9;110.2;2
21/05/2023;109.7;89.4;66.8;66.7;66.7;55.5;90.6;33.5;28.8;24.3;30.4;55.2;61.4;82.4;108.3;113.2;145.9;149;190.7;139.7;97.6;35.9;124.8;8.5;2
25/05/2023;216.2;224;184.9;148.1;94.3;60.2;38.8;6.4;2.1;2.9;1.5;0.1;4.6;11.8;16.6;14.1;23.2;55.8;133.6;141.5;118.4;208.9;168.4;101.4;2
26/05/2023;69.5;120.5;12.7;39.3;35.3;79.5;45.9;74.2;207.5;264.7;251.1;124.7;84.5;85.3;59.6;66.7;141.2;156.4;156.7;144.5;138;161.5;182.6;165.9;2
29/05/2023;135.5;133;73.8;24.8;26.4;37.8;68.9;121;54;2.5;13.3;24.8;13.9;9;14.5;13.1;12.1;8.9;36.5;76.3;187.3;170.3;192.5;158.4;2
02/06/2023;174.7;154.6;181.3;146.9;73.6;66;19;8.4;11.7;15.5;16.6;33.4;22.8;18.4;182.8;262.7;242.6;20.5;38.8;91.9;49;94.4;62.9;53.6;2
03/06/2023;79.7;139.9;33.6;1.7;0;0.3;1.3;1.7;0;0;0;12.2;15;12.4;9;24;14.7;16.1;46.3;126.5;102.3;41.5;47;88.7;2
06/06/2023;15.5;17.5;21.8;19.1;22.2;14.3;26;0.9;0;0.1;2.3;1.2;0.3;8.3;10.2;12.3;4.5;1.2;6.8;30.9;86.9;133.2;156.8;169.9;2
09/06/2023;27.6;23.7;33.2;53.5;22.9;6.3;0.3;0;0;0;1.9;5.6;17;31.4;38;50.7;152.4;165.8;129.1;110.5;91.9;74.8;69.6;51.4;2
10/06/2023;17.9;21.3;15.5;72.7;76.6;27.7;84.2;16.6;9.5;6;0.3;0;0;0;0;0;0.2;0;0;0.2;4.9;25.3;29.6;79;2
13/06/2023;35.7;39.6;59;65.4;42;22.8;13.7;14.9;3.5;15.3;5.6;0.1;0.9;2;3;15.6;13.3;30.4;33.6;131.6;176.3;144.1;80.5;23.9;2
17/06/2023;119.6;82.2;214.1;175.6;79.1;69.5;69.3;43.8;109.9;94;81.1;51.3;37.1;40.4;46.5;51.8;157.5;171.7;189.3;43;23.3;241.3;224.6;171.4;2
21/06/2023;155.5;132.8;63.4;42.6;62.8;34.5;31.9;20.4;22.9;39.5;6.2;5.8;14.1;14.6;25.1;82.3;185.3;261.8;234;142.5;117.5;103.3;78.9;83.9;2
25/06/2023;59.2;19.8;12.4;39.1;83.3;97.9;151.3;178.6;204.4;237.2;226.1;192.1;177.5;133.7;98.3;60.1;43.7;30.3;25.6;47.9;82.1;66.4;82.4;101.6;2
02/07/2023;74.8;87.4;67.1;71.6;46;29.1;66.3;44.7;12.4;1.9;1;4.1;7.6;11.5;17.7;31.7;30.8;41.8;50.1;229.8;252.3;36.1;8.2;49.1;2
05/07/2023;202.4;162.8;174.7;178.1;176.5;94.4;42.3;33.9;100.3;77.9;40.1;32.8;29.8;32.5;28.2;51.9;69;102.9;164.6;123.4;98.5;224.4;204;170.7;2
06/07/2023;174.7;239.5;214.2;121.2;265.4;237.3;213.7;130.3;48.7;38.1;83.9;78;88.5;80.7;64.2;68.4;85.9;108.7;110.2;136.9;135.8;112.6;179.4;222.8;2
07/07/2023;224.2;124.4;204.8;152.9;116.8;76.1;108.8;100.3;130;159.1;175.9;188.1;234.8;214.7;257;258.2;235.1;250.2;131.7;57.8;32.7;45.8;53;167.5;2
14/07/2023;196.2;140.2;198;103.2;52.7;64.9;115.2;27.1;10.8;21.8;78.1;124.3;93.9;69.7;108.3;96;94.8;60;43.6;30.4;29.2;29.5;28.9;35.3;2
15/07/2023;83.1;144.9;71.5;126.9;96.8;147.5;165;131.9;84.5;34.1;34.9;107.3;29.3;21.9;8.7;8.3;14.8;29.7;62.4;48.9;102.5;72;50.5;11.3;2
16/07/2023;145.7;202.1;69.2;10.9;0.1;1.1;12.6;40.8;64.1;54.7;39.6;11.7;9.9;5.9;14.2;21.3;19.4;12.4;24.9;46.2;45.8;108.4;167.3;190.3;2
17/07/2023;148.1;136.2;102.2;120.4;83.2;101.8;153.4;125.9;133.5;134.9;135.2;69.8;115.5;156;124.8;111.5;115.9;129.6;115.3;161.3;161.9;189.3;211.4;192;2
21/07/2023;144.2;53.1;140.7;228.4;186.2;171.4;103.2;66.3;27.4;0.6;7.1;70.7;56.1;83.6;100.6;72.6;62.5;85.6;77;87.9;53.6;46.6;35.5;53.2;2
23/07/2023;69.8;69;41.2;31.3;53.1;96.7;11.1;49.3;131.6;135.5;111.1;113.7;70;38.1;54.2;42;37.4;37.6;38.1;39.2;49.3;44.6;110.7;113.6;2
24/07/2023;144.6;151.8;149.3;142.6;114.3;119.3;145;93.9;190.8;186.9;239.1;199.3;172.5;165.8;168.8;155.1;146.8;171.1;229;201.9;155;142.3;197.9;223;2
25/07/2023;184.2;230.5;227.5;200.8;223.8;237.1;210.9;250.4;193.3;183.4;152.6;155.1;228.3;229;237.7;242.1;238.4;259.2;255.4;214.6;201.7;177.8;161.4;234.5;2
27/07/2023;159.2;114.5;161.4;164.1;96;83.3;66.7;47.5;46.5;44;53.2;74.5;102.7;93.6;149.8;146.3;162.3;144.6;135.2;111.4;126.3;127.9;44.4;37.1;2
29/07/2023;131.9;107.1;38.8;46.9;83.1;2.7;21.7;15.6;28.8;22.8;19.5;8.2;14;24.7;21.3;25.4;99.1;91.4;91.3;89.3;36;28.8;60.8;63;2
05/08/2023;92.5;88.3;97.7;97.1;133.9;178.1;110.3;83.6;77.6;47.6;7.3;136;123.1;183.7;208.3;170;75.6;108.1;116.7;171.3;203;191.6;221.8;144;2
12/09/2023;91.2;53;65.5;57;43.4;39.6;12;15;38.7;7.6;6.8;8.2;14.1;5.4;1.6;1.1;5.3;9.6;6.5;8.6;19.7;20.6;30.7;37.2;2
14/09/2023;13;25.5;26.1;12.2;50;38.5;14.4;0;0.1;3.9;10.6;11.7;16.5;29.7;28.6;40.1;65.4;48;58.4;94.2;53.1;108.7;110.8;98.5;2
16/09/2023;41.5;20.3;8.7;29.4;52.8;36.2;51;51.7;121.8;54.3;18.3;22.3;19;16.7;11.3;7.7;7.7;10.3;2;18.9;19.5;12;28.6;17.3;2
28/09/2022;81.5;40.4;33.3;31.2;35.4;33.4;35.9;54;10.2;0;0;0.7;2.8;6.5;10.7;12.9;11.3;19.8;30.2;72.8;131.5;93.3;62.6;30.6;3
29/09/2022;21.4;20.3;20;32.7;39;40;70.5;68.2;43.5;67.3;64.8;43.9;33;15;24.5;31.7;46.5;75.6;65.5;48.2;46.4;60;184;162.2;3
30/09/2022;124;99.7;64.8;60.4;46.4;27.6;11.9;6.4;0;1.6;3.6;10.4;28.6;34.2;89.7;129;120.1;86.9;78.7;104.9;168.9;159.4;176.3;203.5;3
01/10/2022;237.3;132.1;31.6;20;18.2;32.3;17.9;6.8;4.8;0.4;1.6;3.2;8.5;23.6;50.7;73;71.4;113.2;151.6;190.4;224.6;247.7;217.6;185.8;3
02/10/2022;210.8;219;138.2;37.7;128.3;140;90.4;43.3;43.1;29.1;18.4;20.9;15.2;21.4;26.1;28;44.1;43.1;98.3;175;220.4;245.6;249.6;202.5;3
03/10/2022;176.5;191;130.5;86.6;47.5;46.5;61;55;47.9;58;52.8;46.2;49.6;35.1;45;65;51.8;80.3;99.5;134.5;167.3;151.8;183.8;200;3
04/10/2022;181;171.9;112.9;42.3;33;32.2;32.3;30;18.8;10.6;21.2;34;22.9;9.2;10.7;21.4;28.7;50.5;149.2;212.4;212.6;180.8;103.6;92.3;3
08/10/2022;34.2;18.6;44.9;36.2;41.9;26.4;59.2;19.6;6.7;3.2;1.5;0;0;0;0;0;0;0;0;5.3;18.4;49.2;62.8;77.8;3
10/10/2022;23.3;11.7;4.9;2.4;6.2;3.1;0;0.3;4.8;2.6;19.2;24.1;32.2;51.8;144.3;136.2;50.2;48.6;67.4;103.1;102.1;111.9;69.5;68.3;3
14/10/2022;23.7;49;58.9;67.8;74.6;69.9;86;131.5;120.1;82.5;119.8;142.2;182.5;167.6;175.1;194.3;187.3;189.9;106.3;85.3;109.7;118.1;117;96.8;3
17/10/2022;73.2;68.9;37;30.3;8.1;64.8;78.7;63.9;95.4;68.3;22.3;3.5;3.3;0.6;0.4;0.8;0.9;0;0;0;0;0;0;0;3
18/10/2022;0.7;6.5;11.5;16.7;6.8;2.2;14.9;28;28;30.4;25.6;27.1;13.3;7.9;3.9;2.5;3.7;1.9;9.6;17;33.8;66.9;80.5;100.1;3
19/10/2022;31.2;36.2;36.6;31.4;69.2;75.6;54.4;82.2;63.9;39.7;32.1;39.7;36.6;62.4;45;33.2;28.1;15.7;31.4;6.1;31.3;84.1;115.9;161.2;2
20/10/2022;179.3;97.1;97.2;259.8;242;257.1;216.6;187.5;169.4;81.8;48.9;34.9;17.4;12;3.4;1.1;0.4;2.8;1.4;12.4;25.5;35.5;124.9;122.5;3
25/10/2022;57.7;94.4;158;82.2;160.6;91;124.6;67.2;51.1;59.1;20.3;7.1;11.9;18.3;4.2;3.4;0;0;0;12.8;37.8;81.1;83.7;84.8;2
28/10/2022;10.7;0.8;5.4;66;10.8;23.2;66.5;163.3;201.4;227.8;241.8;263.9;246.8;236.7;208.5;124;72.2;22.3;10.4;37.4;71.7;78.7;62.1;100.3;3
30/10/2022;0;0.4;21.2;40.4;60;38.2;38.7;72.1;99.8;21.6;14.4;10.5;3.3;1.3;1.1;5.2;2.1;1.6;3.4;1.3;0;0;0;0;3
31/10/2022;6.3;15;22.5;25.6;37.7;40;33.4;49.5;38;16.1;10;23.2;31.8;61.3;101.6;75.5;76.9;65.7;88;69.7;147.6;150.1;85.7;77;3
06/11/2022;158.7;185.4;172;101.9;163.2;204.3;257.4;235.2;233.3;165.7;193.6;178.5;109.1;68.4;36.1;43.5;49.3;33.8;61.4;69.5;76.3;121.7;134.1;157.4;3
07/11/2022;166.9;156.6;135;125.5;116.2;88.2;40.3;64;46.9;16.9;3;4.1;9.8;15.3;33.5;12.7;32.2;78.8;88;112;168.1;160.1;197.2;188.1;3
17/11/2022;0;2.2;27.7;60.3;68.7;132.7;102.6;101.4;89.4;105.5;128.7;213;174.2;121.6;132.7;81.1;55.1;10.7;225.5;207.5;243.2;263.4;263.1;239.1;3
18/11/2022;180.4;209.9;237.1;242.8;209.4;207.6;130;86.3;88.9;145.3;124.9;112;90;64;44.7;28.9;24.2;7.8;10.8;10.8;2.1;1;0;0;3
22/11/2022;34.8;54.1;73.9;77;90.6;66.7;102.3;194.8;186.2;100.3;61.5;55.1;142.5;101.3;95.2;66.3;74.7;81.6;85.7;71.1;50.1;54.7;90.7;103.1;3
23/11/2022;63.9;155.1;62.7;117.3;124.2;109;95.5;169.1;173.7;119.3;73.8;78.6;101.6;103;131.2;199.9;212.3;235.5;190.2;69.8;55.9;86.5;100.1;60.2;3
30/11/2022;12.5;9.9;31.2;12.9;3.2;9.7;31.3;19.8;8.9;2.1;0;1;16.5;31;39.2;61.8;99.2;121.1;121.1;143.3;201.2;240.4;230.3;189.5;3
03/12/2022;265;257.6;178.5;164.9;139.3;72;46.2;29.8;30.3;14.4;17.6;7.4;0;0;3;14.8;20.9;21.8;27.4;25.7;32.6;41.6;24.3;65.8;3
04/12/2022;161.4;226.2;191.3;227.7;92.4;197.9;124.7;137.1;129.8;81.4;54.8;30;20.2;8.5;2.4;0;0;33.2;16.9;63.9;34.9;35.9;80.8;147.7;2
06/12/2022;161.9;173.4;92.9;43.4;57.4;41.5;85.3;82.1;64.4;32.9;1.8;2.1;8.9;1.7;7.1;10.3;22.8;19.7;111.6;178.4;128.4;188.7;151.3;43.2;3
07/12/2022;32.9;39.7;30.6;75.3;64.5;47.4;7.4;1;5.4;45.6;28.1;22.1;66.6;61.2;20.1;79.3;81.5;55.5;62.7;115.9;148.8;26.1;85.3;64.3;3
08/12/2022;90.8;83.9;104.6;80.4;46.2;69.8;94.2;72.7;96.3;91;129.6;139.7;197.9;245.6;244.5;253;222.3;187.1;101.6;99.8;114.9;107.4;60.3;34.3;2
09/12/2022;57.5;17.3;70.4;22.2;0;17.9;52.7;69.7;77.6;58;38.9;30.7;103.7;89.1;81.2;69.3;29.4;6.2;0.7;5.9;11.3;8.1;12.1;99.1;3
15/12/2022;3.5;0;5.8;18.4;2.5;0;0;0;2.5;8.2;1.8;34.9;10.3;4.4;0.9;0.4;4.5;10.9;8.7;17.3;13.9;24.2;31.3;20.7;3
16/12/2022;21.8;64.2;77.1;66.9;144.2;77.1;101.9;82.1;54.2;26.7;7.8;7.5;1;18.9;73.8;68.2;103.6;134;76.9;131.1;155.2;118.6;72;109.3;3
19/12/2022;83.2;214.2;264.8;243;256;200.1;173.5;204.7;195.2;140.5;156;100.8;133.9;143.3;82.3;93.1;115.4;93.6;94;127.1;212.3;240.2;220.5;257;2
20/12/2022;263.3;181.3;120.6;94.1;122.3;160.8;146.2;66.5;21.7;23.6;7.1;2.1;0.1;0;2.6;18.3;37.2;70.3;84.7;50.2;12.3;32.7;101.5;109.9;2
21/12/2022;109.9;161.1;175;146.6;68.5;50.9;50.9;138;162.3;181.2;265.3;187.7;217.1;183.5;112.8;100.1;71.1;71.1;35.8;19.7;54.1;153.4;218.9;255.4;2
31/01/2023;46.4;37.2;32.9;47.5;73.6;67.4;90.3;55.2;16.8;6.5;5.2;0;0.4;2.3;5.2;10.1;10.3;11;0.8;0.3;1.2;7.8;0.3;0.5;3
01/02/2023;0;0;0.9;1.9;5.8;3.1;5.6;10;15.3;2;7.4;0.5;12.1;11.7;36.9;72;16.5;1.1;9.6;13.8;9.6;17;3.4;5.5;3
24/02/2023;104.8;89.2;94.7;67.5;69.5;86.9;61.9;57.4;40.6;32.7;25.3;11;3.2;0;0;0.4;2.4;0.3;13.6;46.9;57.7;54.1;19.9;13.2;3
08/03/2023;36.9;57.2;133.8;167.2;189.5;220.4;214;160.7;128.5;101.3;81.5;49.1;24;11.3;11.6;9.1;9.1;10.7;62;81.7;141.9;93;47.4;61.5;2
18/03/2023;0.2;2.7;5.6;12.7;119.2;168.4;180.1;166.1;45.3;52.2;61.8;36.9;25.1;19.3;12.6;16.2;29.7;34.6;12.6;5.3;0;4.1;1;26;3
19/03/2023;143.5;124.6;113.3;132.6;70.4;55.6;90.7;90.8;85.4;107.4;62.1;57.4;68.5;77.5;70.8;79.8;134.6;222.2;234.2;139.6;189.2;234.4;242.8;231.7;2
23/03/2023;88.9;78.1;105.7;85.4;68.5;23.2;50.5;150.9;108.4;49.5;58.4;48.8;35.1;31.4;32.1;19.3;23.5;35.4;38.4;69.5;80.3;80.3;47.4;51.8;2
26/03/2023;76.3;190.8;188.3;123.3;133.5;94.9;74.9;72.6;101.7;150.3;94.6;36.4;11.6;3.3;2.2;1.4;0.8;10.5;11.7;35.7;80.2;112.1;150.3;174.9;3
21/04/2023;102.4;165.9;147.4;46.2;75.6;119.3;83.6;25.7;9.8;0.9;1.7;35.3;26.5;34.5;56;87;65.3;91;24.2;22.6;113.2;169.4;162.2;203.3;3
23/04/2023;34.8;0;0.9;19;23.1;15.4;6.6;0.5;0;3.8;19.5;23.9;31.1;68.6;102.5;72.3;73.4;72.2;95.4;94.3;95.5;76.9;31.6;39.8;3
23/05/2023;5.2;12.5;10.5;14.6;11.8;20.2;9.8;6.2;16.2;2.2;2.1;0.6;1.9;2;7.6;14.2;23.9;32.2;30.4;203.2;26.3;31;23.7;0.6;2
24/05/2023;1.1;10.5;25.5;6;7;8.8;1.6;3.7;2.2;0;3.5;10.1;15.1;49.9;43.2;46.5;53.1;75.8;120.1;126;40.1;17.9;25.7;74.7;2
18/06/2023;186.6;51.6;5.2;20.5;51.7;72.9;63;62;79.4;26.1;8.3;0.1;1;13.3;19.1;12.2;28.2;34.4;84.7;178;244.8;260.7;261.5;256.6;3
19/06/2023;259.8;210.8;176.2;109.2;161.1;172.1;100.3;44.4;20.2;2.4;9.3;3.8;10.1;68.9;174.5;227.4;133.7;59.9;3.3;0;0;0;49.1;68.9;3
26/06/2023;98.8;106.7;164.3;132.2;114.7;86;88.2;76.6;86.9;14.9;11;13.9;39.1;28.4;45.5;46.9;49.4;63.7;94.1;127.4;191.5;153.3;164.8;122.2;2
03/07/2023;161;108.6;15.5;98.7;92.3;4.1;0.1;1.9;1.4;17.3;19;23.8;29;43.6;0.8;14.9;19;17.5;16.2;42.1;36.6;21.3;21;12.2;3
08/07/2023;114.3;42.9;26.6;82.7;152.7;77.8;56.1;41.2;40;23.6;17.9;15.5;66.3;75.8;91.2;71.1;86.3;90.3;88.4;52.2;68.8;125.4;57.2;75.9;3
11/07/2023;94.1;95.6;150;24.6;4.2;13.9;6.8;27;8.3;43.8;100;154.3;164.3;90.7;58.7;134.4;101.4;105.9;95;131.4;212.4;212.6;234.6;223.1;2
13/07/2023;36.8;47.7;34.7;37.6;59.6;109.7;108.4;52.8;47.3;76.1;53;6.3;1.6;1.3;10.1;28.1;96.6;177.6;121.8;54;150.1;121.6;72.6;79.8;2
20/07/2023;118.3;56.2;78.8;73.6;89.6;38.6;7.9;9;0.9;3.1;22;12.7;6.3;13.5;30.4;42.5;95.7;78.3;73.3;87.4;124.6;67.4;38.9;96;2
22/07/2023;27.8;18.6;40.3;41.8;8;1.8;4.8;6.2;4.3;17.9;3.8;1.2;1.8;4.2;2.8;0.9;1.9;10.2;13.5;47.3;156.3;150.2;145.7;131.4;2
26/07/2023;247.1;215;113.6;119.1;95.1;85.1;85.2;52.6;112.7;106.5;101.9;189.8;181.5;160.8;177.9;147.9;108.8;132.1;88.6;100.9;104.4;101.2;174.3;197.7;3
28/07/2023;25;42.2;70.8;63.4;114.6;88.7;61.8;95.3;57.3;70;49.2;55.1;46.3;58.4;90.9;57.8;66.6;59;45.2;47.9;46.3;78.4;165.3;171;2
30/07/2023;62.2;39.8;14.8;13.1;34.5;15.6;34.5;22;13.2;22;17.7;27.1;29.4;52.5;49.5;93.3;115.3;80.4;73.5;70.7;25.8;12;15;23.1;3
01/08/2023;121.2;148.8;93.9;133.4;105.7;119.7;133.3;115.5;184.1;202.9;150.4;131.6;126.7;74.2;108.5;83.4;72.9;64.2;110.4;121.6;89.9;84.3;129.6;105.3;3
02/08/2023;63.6;56.5;22.6;25.5;17;34.3;39.3;57.3;181.3;254.9;168.7;112.8;97.4;108.5;92.4;98.1;93.1;112.8;102;83.6;49;56.3;56;104.1;3
16/08/2023;139;196.6;147.8;110.5;90;112.4;102.2;46.8;19;30;75.9;87;111.9;117.7;94.3;98.3;79.2;98.3;93.8;127.2;155.7;117.8;104.1;106.4;2
18/08/2023;68.7;63.7;71.2;45.2;17.5;15.2;11.6;8.6;10.9;45.9;58.7;49.1;31.7;28.8;60.4;39.5;37.5;88;99.3;130.1;113.5;62.7;59.3;57.5;3
19/08/2023;178.3;223.6;166.7;205.7;189.3;139.2;160.2;128.6;20.1;11.7;27.3;28.5;52.8;65.6;86.2;76.1;125.3;104.6;134.2;61.7;53.4;58.3;48.8;40.3;2
01/09/2023;232.2;220.8;232.3;103.5;37.9;35.4;26.3;20.3;5.9;13.2;20.3;35;26.3;51.4;42.1;25.9;65.1;92;109.2;198.3;201.3;199;151.4;143.7;3
02/09/2023;170.5;209.6;211.4;86.3;21.2;5.2;2;5;3.7;3.3;15.1;16.8;3.8;5.8;2.1;16.6;43;107.9;137.3;188.1;219.7;218.5;238.2;184.1;3
09/09/2023;152.6;186.3;244.2;225.7;42.9;14.6;11.7;22.4;33.1;5.4;1;2.8;7.3;8.2;32.6;80;164.1;195;154.7;71.9;60;128.9;150.6;209.9;2
13/09/2023;22.7;7.1;10.3;0.2;1.3;1.9;3.8;8.3;8.2;28.1;34.3;48.5;46.3;64.2;64.3;68.8;69;25.7;38.1;48;61.5;46.6;24.5;15.7;2
15/09/2023;55.1;29.2;20.6;48.3;67.5;23.2;14.7;4.5;21.3;0.6;0;7.4;6.6;6.1;5.1;12.9;15.4;13.6;27.8;24.4;38.1;60.3;99.4;68.1;2
20/09/2023;81.2;176;108.7;53.7;33.8;105.1;247.6;201.3;103.9;110.3;84.2;68.4;24.2;8.2;2;1.3;2.9;5.7;16.3;76.1;132.3;137.9;130.7;189.3;3
21/09/2023;190.7;133.2;83.2;18.4;11.3;3;15.6;44.3;86.2;32.1;155.4;126.5;98.4;33.8;86.9;151.4;125.2;256.8;241.6;218.5;216.9;153;137.6;88.9;3
22/09/2023;6.9;52;122.9;125.4;107.1;123.6;153.9;195.9;156.2;78.3;38.5;53.6;122.2;108.2;152.7;136.8;145.9;50.4;52.2;61.4;79.1;53.6;54.4;71.2;2
27/09/2022;68.4;123.8;148.5;115.2;170.2;182.5;155.6;198.6;190.6;207.6;191.9;102.4;56.5;25.7;15.7;9.4;0.9;6.7;27.9;23;111.2;105.9;140.3;110.6;3
05/10/2022;63;55.6;36.7;15.3;2.2;4.5;26;43.1;24;12.5;0.5;0.8;0;30.4;42;51.4;66.5;86.3;57.5;14.7;3.5;10.6;17.9;18.3;3
06/10/2022;36.2;39.3;54.1;76.6;128.2;69.6;40.8;49.4;69.9;36.3;23.7;10.8;8;12.8;2.7;3.1;5.2;6.4;1.7;2.6;3.1;7.7;2.9;2.6;3
07/10/2022;2.9;8.9;55.6;34.7;9.6;41.8;79.7;83.3;68.4;95.3;83.8;46;48.1;76.3;91.8;75.4;74.2;88.8;82.9;84.6;79.8;24.6;29.3;33.7;3
09/10/2022;53.1;34;47.9;25.9;33.8;39.4;36.7;29.8;57.3;29.9;23.9;85.4;102.8;80.6;24.7;31.5;51.1;32.7;29;14.6;59.5;53.3;25.1;28;3
12/10/2022;203.6;216.9;201.6;262;264.7;264.8;260.9;215.9;263.4;202.8;118;57.9;20.5;7.4;1.1;0;0;0;4.2;33.2;51.5;40.5;68.1;27.1;3
13/10/2022;56.6;224.3;114;109.2;110.4;108.6;128.2;125.4;38.3;21.6;16;10.5;8.5;2.9;0.2;0.8;0.9;0.7;9.1;15.2;32.2;20.3;13.8;18.7;3
15/10/2022;130.9;159.7;134.5;151.2;137.2;141.9;156.1;135.5;49.6;44.1;48;26.9;19.7;3.2;25.8;67.1;47.5;63.6;28.3;15.4;13.4;15.7;43.7;53.1;3
16/10/2022;71.7;153.3;88.9;197.2;237.7;219.6;218.7;129;14;121.5;76.1;129.5;136.5;143.3;126.9;75.2;91.1;98;77.3;93.8;52.2;132.5;136.3;93.2;3
29/10/2022;101.4;86.1;94.8;77.6;65.1;54;60.7;129.8;91.5;19.5;19.9;20.9;20.1;13.2;11.6;18.8;13.4;17;13.8;6.7;3.1;0.3;0;0;3
15/11/2022;139.4;102.7;121.3;201.9;189.7;134.8;218.1;201;159;61.6;10.1;23.3;39.6;36.6;28.9;16;17.5;24.4;69.6;73.3;45.8;13.8;7;14.8;3
16/11/2022;1.4;0;3.2;0;19.7;35;57.3;52.5;18.9;16.4;22.5;18.8;22;15.8;34.2;33.6;51.8;39.1;33.7;15.3;2;0;0.3;9.4;3
19/11/2022;0;0;0;0.2;2;11.1;14.2;26.1;84.9;121.9;137;140.5;164.6;146.6;91.8;71.4;50.4;14;2.5;0;0;0;0.2;1.1;3
20/11/2022;3.3;3.6;6.7;27.5;36.1;55.1;44.8;63.6;87.9;36.9;40.1;55;110;81.3;89.1;79.4;71.3;65.4;68.6;89.1;101.7;96.8;82.6;198.1;3
21/11/2022;148;157.7;141.5;73.3;81.9;100.3;104.2;74.7;28.6;17.9;1.7;0.2;0;3.6;1.1;1.1;7.4;17.5;99.8;171.3;135.9;103.5;31.7;37.4;3
24/11/2022;52.9;73.1;141.1;265.4;265.3;265.3;265.3;265.4;265.4;265.5;265.5;265.5;265.5;265.5;265.4;265.4;265.5;265.3;247.5;97.2;152;211.6;223.3;247.7;3
26/11/2022;112.7;77;25.1;6.8;0.5;2.2;0.4;0.3;26.6;28.5;51.5;24.7;2.4;21.2;28.8;31.4;42.3;22.4;45.5;71.4;132.9;100;23.6;185.2;3
27/11/2022;214.9;195.7;251.3;251.9;258.5;261.3;263.3;246;166.1;196.8;185.5;148.8;57.5;32.6;23;14;1.5;0.6;0.9;0;2.2;26;88.9;179.3;3
01/12/2022;206.7;264.3;242.3;173.9;258.2;237.3;222.7;166.6;153.9;141.8;201;153.5;202.3;200.5;201.7;226.8;201.5;173.3;249.6;241.7;236.5;249.6;265;261.2;3
10/12/2022;40.8;53;59.7;50.7;107.8;67.2;174.7;264;263.9;207.6;179.4;179.5;201.3;181;101.2;84.8;27.9;31.7;40.3;65.8;41.3;15.8;6;5.2;3
11/12/2022;1.9;1.1;1.2;25.9;50.8;78.6;118.6;123.6;172.1;116.3;125.5;69.7;101.9;115.3;132.7;158.6;202.5;146.3;67.2;83.7;101;204;241.1;178.3;3
17/12/2022;124.3;55.1;23.6;17.3;12.2;19.6;25.4;11.8;15.6;15.8;49.1;59.1;62.8;64.5;38.5;12.1;4.2;0;0;34.9;61.1;87.8;79.5;49.1;3
23/12/2022;193.5;212.6;141.2;147.1;184.1;156.4;143.8;181.1;166.8;122.4;77.2;63.3;36.4;13.8;7.7;5.9;1.1;1.8;0;0;0;0;0;2.2;3
24/12/2022;5.5;10.6;19.5;24.3;31;29.3;47.3;40.4;48.5;38.7;37;40.5;112.3;142;51.4;34.2;27.1;6.8;0;5.2;6.2;29;47.4;52.8;3
30/01/2023;102.7;73.4;78.4;96.8;126.8;116.4;113.8;70.3;34.5;19.2;10.5;11.5;6.8;1.5;0.1;0.1;5.7;8.6;9.4;26.3;37.4;49.4;67.6;55.1;3
02/02/2023;0.5;4.8;9.3;7.9;4.7;23.9;111.4;96.1;140.8;157.2;117.4;52.4;61.7;112.6;182;128.6;120.7;108.5;33.7;65;164.6;145.4;108.3;179.6;3
25/02/2023;24.5;31.1;12.5;9.9;26.1;67.8;90.6;50.6;25.5;41.7;30.8;14.9;13.3;33.6;48.4;100.6;89.4;89;66.1;77.2;72.4;58.9;116.5;215.4;3
09/03/2023;115.8;77.6;91.7;79.2;28.8;12.5;16.7;4.7;3.8;4.8;4.5;6.3;22.9;61.8;153.4;214.7;212.4;231;216.6;170.4;170.5;155.4;176;149.8;3
27/03/2023;204.4;153.7;112.6;47.5;30.2;33.4;11;0;4.6;22.7;20.9;54.8;126.6;64.5;49;61.7;100.5;120.7;239.2;264.3;265.5;265.5;265.4;259.6;3
29/03/2023;148.2;154.8;142;97.5;104.4;88.1;126.3;113.7;92.7;106.5;172.5;159.6;133.4;112.9;155.2;163.5;173.9;181.7;193.7;161.3;215.9;202.8;248.4;235.2;3
24/04/2023;59.9;32;20.3;19.1;16.4;23.3;15.9;92.3;69.9;101.4;119.5;110.1;132;182;161;110.6;99.5;62.8;8.1;9.7;89.5;145.4;89;50.7;3
01/05/2023;28.5;38.5;61.1;39.4;23.6;9.3;3.7;8.6;19.1;35.2;19.6;21.1;56.7;67;72.7;76.8;111.7;102.6;124.9;125.6;187.6;221.9;214.7;218.7;3
04/05/2023;143.1;135;92.3;99;56.8;30.7;58.7;68.7;64.2;120.8;30.7;5.2;14;30.6;51.7;79.1;59.4;45;39.4;121.4;207.6;234.6;217.8;80.4;3
11/05/2023;235.8;154.1;97.5;18.5;19.7;110.4;112.8;153.6;108.8;48;26.8;61.2;140.7;239;241;229.3;235;231;243.9;161.7;180.9;150.9;158.4;71.8;3
14/06/2023;18.8;14.1;3;35.4;83;61.1;18.3;19.1;11;21.3;8.9;6.8;2.9;2.6;9.9;3;5.8;6;1.2;4;31.8;126.3;203;228.5;3
16/06/2023;107.3;121.1;92.3;225.8;165.7;227.3;170.8;212;81.8;42.9;32.1;7.4;6.3;8.6;11.8;8;12.2;17.4;34.1;139.6;130.8;157.9;204.4;195.7;3
20/06/2023;37;11.5;0.4;0;6.9;35.8;138.3;114.3;50.1;34;49.3;60.4;49;56.9;33.6;52.5;46.5;33.6;12;9.7;30.8;8.2;42.1;98.2;3
10/07/2023;39.7;52.9;40.6;43.5;14.8;7.7;35.6;12.4;19.4;21.2;42.4;21;23;59.4;68.7;97.1;35.7;34.8;79.1;74.3;114.3;26.8;15.3;7.1;3
12/07/2023;185.7;107.2;72.8;136.6;193.6;197.6;258.4;264.7;224.7;205.9;145.5;64.7;30.1;13.2;0.3;1.6;6.2;8.9;68.3;107.9;73.3;58.5;66.5;13.7;3
31/07/2023;28.8;44.8;36.8;36.5;18.5;35.7;34.8;27.5;47.5;56.5;26.3;48.3;53.8;83.9;79.4;78;54.8;79.3;67.7;79.5;56.6;64.7;79.6;100;3
03/08/2023;99.8;65.8;45.8;52.8;133.2;143.2;170.1;161.7;133.8;123.4;157.7;137;153.9;121.5;70.2;46.6;28;36.3;61.8;73.3;84.2;64.4;71.7;67.7;3
04/08/2023;38.4;53.5;60.2;97;145.6;105;14;74.4;73.7;43.7;22.9;33.9;41.4;30;44.4;21.1;54.9;26.5;39.4;107.5;105.5;184;158.7;117;3
06/08/2023;66.1;102.1;113.4;58.7;57.6;82.2;147.9;111.6;125.7;75.7;44.7;31.4;14.1;5;4.1;3.3;7.9;26.7;106.6;191.6;183;181.9;168.3;167.9;3
07/08/2023;161.4;138.2;132.7;114.4;138.9;163.2;228.9;132;44.2;71.3;97.4;63.7;57.4;39.8;17.9;14.9;35.4;51.4;81.5;163.5;181.4;56.1;102.3;114.8;3
08/08/2023;40.2;39.3;62.4;107.2;82.9;24.6;80.9;15.8;48.5;93;91.9;73.9;35.7;45.8;60;84;38.4;22.6;36.6;51.5;263.6;33.3;68.2;26.1;3
09/08/2023;63;72.9;66.3;90.4;113.5;128.2;166.1;140;133.4;246;224.7;145;77.4;87.2;79.9;69.5;56.6;49.6;50.7;64.7;74.9;134.5;158.3;151.4;3
10/08/2023;99.7;79.6;33.1;35.2;46.8;15.4;0.5;0.1;0.3;0.6;17;30.8;29.1;32.5;24;52.8;55.4;64.5;51.4;101.1;100.7;195.5;215.7;134;3
11/08/2023;134.4;127.1;134.9;197.2;223.7;241;224.3;238;196.7;148.9;55;68.7;77.8;61.3;60.6;36.5;74.7;96.6;50.1;36.1;27.7;23;25.1;5.2;3
12/08/2023;8.3;108.1;105.1;116.2;111.6;86.6;97;55.2;86;95.4;2.2;49.7;41.5;54.7;21.6;16;54.1;28.3;57.2;71.4;168.5;78.4;126.7;56.1;3
13/08/2023;51.2;97.8;88.5;225.5;242.8;140.6;63.5;50.6;103;163.5;169;136.7;99.5;64.9;105.5;115.4;98.3;193.2;231.7;186.5;260.4;265.4;232.5;40.3;3
15/08/2023;1.4;0.5;0;0;0;0;0;4.6;7.2;13.8;15.5;9.5;14.8;8.9;9.3;9.8;16.1;14.5;27.2;115.7;221.7;225.9;208.9;181.9;3
17/08/2023;184.8;132.7;36.1;5.9;14.4;41.9;145;86.6;55.5;27.4;37.2;23;15;2.2;15.8;38.1;35.2;67.7;113.2;211;221.5;211.4;162.8;87.4;3
20/08/2023;55.9;49.8;40.4;60.5;27.2;24.7;26.9;15.1;16.5;7.2;5.9;24;60.5;70.8;59.1;120.2;88.2;106.2;97.2;45.6;88.8;77.5;27.9;50;3
21/08/2023;38.2;136.4;99.3;74.3;44.4;58.9;11.3;7;1.8;10.8;10.3;15.4;25;49.4;104.8;172.5;144.6;119.5;151.6;91.8;54.8;67.3;100.7;69.8;3
22/08/2023;48.4;49.8;30.5;6.1;9.5;6.3;5.5;5;10.4;15.6;26.9;35.4;54.3;42.4;43.6;52.9;77.4;88.7;88.6;105.6;45.6;61.1;52.2;54;3
23/08/2023;59.6;100.6;52.4;28.1;21.7;8.8;9.9;5.2;14.1;47.3;57;57;81.7;91.9;102.4;123.9;111.2;166.9;98.7;43.5;27.3;38.1;40.1;31.3;3
24/08/2023;40.4;20.4;5.3;17.4;23.4;34.9;12.2;11.9;43.1;44.3;65.8;75.9;69.2;69.6;67.2;57.4;62.8;58.6;69.5;58.8;43.8;44.7;79.8;65.7;3
25/08/2023;21.3;45.3;71.9;51;117.8;144;93.9;40.8;65.3;78.8;76.4;93;103.3;106.5;96.8;85.8;52.5;58.2;73.2;56.8;39;30.9;16.7;17.8;3
26/08/2023;140;181.7;145.1;183.7;211.5;252.6;240.7;229.8;222.8;186.6;155.4;138.4;118.7;91.9;91.9;75.3;78.4;71.2;123.5;146.2;99.1;76;108.2;72.2;3
27/08/2023;69.7;51.8;61.2;78.3;77.3;70.7;50.5;8.5;1.1;5.3;5.3;9.6;11.3;5.6;1.4;2.3;7.8;23.5;63.6;96.3;122.7;113.9;90.7;97;3
28/08/2023;98.9;51.6;24;24.9;16.9;7.8;11.3;4.1;1.5;1.4;3.3;3.6;6.5;4.6;6.5;12;12.9;29.3;35.2;61.8;58.3;38.7;42.7;11.8;3
29/08/2023;4;0.7;0;0;62.9;144.2;50.9;68.2;59.9;29.3;14.6;30;99.9;146.6;116.9;39;21.9;49.7;20.7;6.6;1.3;0;0;0;3
30/08/2023;0;0;3.1;12.1;41.4;122.6;168;81.7;27.1;14.4;3.8;2;7.4;0.3;3;0;0.5;0;2.3;37;88.1;62.8;32;37.7;3
31/08/2023;210.9;174.4;155.9;95.5;43.2;44.9;98.5;74.8;43.5;51;43.4;32.5;33.2;49.7;55.8;52.9;67.5;59.1;67.8;87.4;102.8;177.3;177.1;162.3;3
05/09/2023;240.4;154.5;220.1;230.1;244.5;151.3;125.3;166.6;210.7;199.3;150.9;127.4;91.9;58.5;57.4;31.9;29.1;27.4;50.7;129.9;176.6;140;164.1;213.6;3
06/09/2023;223.3;200.5;175.1;203.4;252.5;211.3;208.1;104.8;120.3;57.4;8.7;8.3;9.6;2.8;6.1;14.7;47.6;66.9;81.6;95.7;137.1;212.3;238.3;206;3
07/09/2023;183.1;155.1;110.6;98.2;110.9;89.4;114.9;60.3;45;89.1;239.7;250.6;247.8;246.8;220;209.8;150.9;143.9;161.1;126;199.4;259;244.4;203.1;3
08/09/2023;224.7;242.8;263.3;263.2;262.6;244.2;148.1;89.8;115;100.4;91.8;125.6;119.4;131.1;163.1;168.3;190.7;204.9;182.1;164.5;120.2;158.1;113.4;132.7;3
17/09/2023;10.4;6.5;3.5;8;13;22.9;35.1;32.5;25.3;16.3;6.6;1.6;0.2;1.3;1.7;3.5;1.1;7.7;21.4;26.1;11.5;24.5;28.9;27.2;3
23/09/2023;46.6;37.4;94.7;64.7;70.9;122;58.7;65.3;38.3;34.6;65.6;36.1;34.9;26.4;17.6;31.1;57.7;41.5;34.6;62;65.4;34.2;29.2;16.9;3
24/09/2023;47.4;35.3;51.7;97.9;129.8;135.2;126.6;92.1;66.2;108.9;80;31.6;7.5;3.1;4.9;26.9;61.8;114.5;150.9;153.2;166.1;125.6;138.8;134.9;3
25/09/2023;115;75;41.2;35;28.6;28.7;26.9;22.8;9.1;16.7;7.3;5.2;8.1;10;12;2.5;13.7;19.2;44.8;74.6;107.7;141.4;90.7;118.7;3
26/09/2023;108.1;67.1;85.3;80.7;38.8;25.3;45.1;33.4;44.1;65.7;64.6;44.1;25;15.9;20.2;18.1;30.7;52.2;82.8;134.9;112;101;113.3;98;3
