DATE;0;1;2;3;4;5;6;7;8;9;10;11;12;13;14;15;16;17;18;19;20;21;22;23;1
21/10/2022;23;19.1;16;17.8;25;34.6;47.6;48.5;37.8;35.8;39.6;40.9;40.2;45.9;47.3;48.6;55.4;67.6;146.7;109;61.8;54.4;51.4;48.4;1
22/10/2022;41;35.5;27.3;22.3;23.4;33.8;47.1;44.1;33.5;27.4;31.6;37.4;34.7;20.6;9.2;5.9;5.4;9;50.9;44.1;21.1;8;8.8;27;1
23/10/2022;2.2;2.8;2.7;3.2;3.4;4.9;8.8;14.7;11.8;9.5;4.9;5.3;4.7;2.3;0.5;3;4.1;8.5;50.6;43;15.6;4.2;4.8;9.4;1
26/10/2022;7.9;7.2;13.2;21;26;33.2;45.5;44.5;38.7;32.9;29.9;31.4;32.7;33.8;35.7;36.8;36.8;52.8;176.5;167.6;87.8;55.6;47.6;47.6;1
27/10/2022;38.7;30.7;28.3;28.4;29.1;37.2;57.6;56.4;41.4;34.4;29.8;27.1;23.6;18.7;10.7;8.7;6.1;14.1;64.2;41.2;13.3;2.7;0.9;28;1
02/11/2022;35.8;31.2;31.4;32.6;33.9;39.4;49.2;59.9;49.7;42.1;37.5;38.6;35.2;36;34.4;34.8;37.5;52.1;64.6;47;43.1;33.3;24.7;40.2;1
03/11/2022;20.3;18;18.3;19.9;22.7;27.1;37.1;42.2;39.5;21.8;14.6;10.3;11.1;9.1;8.1;7.8;7.8;15.1;35.6;32.8;11.3;3.1;3.7;19;1
04/11/2022;-3;-4;-3.1;-2.6;-1.9;-0.4;5.6;9.1;5.2;0;-3.6;-4.7;-4.9;-3.9;-2.6;-1.4;-0.8;1.2;6.2;8.1;3.1;1.1;0.9;0.2;1
05/11/2022;-1;-3.9;-2.5;-1;0.4;11.3;24.2;30.7;19.9;14.3;4.4;2.7;-0.2;-2.1;-1.7;-0.4;-1.4;2;20.2;40.2;40.1;45.2;36.6;12.1;1
08/11/2022;24.9;22.8;21.5;21;23;30.9;45.7;46.3;29.9;33.1;37.4;33.1;39.3;45.7;58.4;58.4;88.9;166.3;46.9;29.9;20.8;15.9;14.6;41.5;1
09/11/2022;26.2;21.3;18;16.2;21.1;22;33.1;35;29.7;14.2;10.9;9.2;10;11.8;14.5;14.5;27.7;104.9;43.2;15;9.1;6.6;4.1;22.5;1
13/11/2022;55.6;49.9;45.1;42.3;43.7;55.3;64.9;73.4;53.8;42.8;38.9;34.6;32.3;30.5;29.8;31.2;40.5;118.2;80.6;54.6;53.7;45.8;44;50.5;1
28/11/2022;41.9;40;41.9;43;42.4;44.3;48;51.4;46.6;45.5;48.6;49;50;49.9;49.6;48.6;52;119;99.9;69.5;63.8;58.3;57;54.8;1
29/11/2022;71;55;48.4;44.7;44.8;49.3;68.1;40.5;18.4;16.7;13.2;12.3;9;5.5;4.9;5;12.2;38.5;13.4;4.6;0.3;-1.1;0.3;25;1
12/12/2022;44.4;41.1;38.4;37.6;36.7;39.3;40.8;42.5;42.4;40.4;38.9;39.1;36.1;38.9;35.3;35.6;44.6;72.5;56.6;50;44.5;40.5;39.9;42.4;1
18/12/2022;43.4;43;44.2;45.6;45.7;51.3;62.7;68.6;55.7;45.7;41.4;38.6;36.4;33.7;32.8;33.3;40;65.3;61.5;53.6;47.6;45.6;46.3;47;1
22/12/2022;39.9;37.5;36.5;38;38.5;44.3;60.3;63.8;45.8;39.1;31.6;25.7;23.1;22.7;22.9;24.4;33.6;44.3;38.4;30.1;28;23.7;21.4;35.4;1
27/12/2022;31.8;34.5;36.6;38.4;46.2;58.9;70.6;75.4;51.7;40;35.5;31.7;25.2;23.3;22.3;24.1;29.7;46;50.8;55.9;51.2;45.8;39.9;42;1
28/12/2022;36.1;35.4;35.4;35.3;36.2;44.3;74.1;74.9;42.5;29;22.4;10.3;7.7;3.7;1.5;0.7;5.2;19;18.8;9.2;9.6;8.9;5.3;24.6;1
29/12/2022;3.6;3.4;4.2;4.5;3.8;6.8;7.3;8.5;6.2;1.7;1.6;1.1;1;1;0.1;0.2;5.8;26.8;21.8;18.1;13.9;16.2;15.8;7.5;1
30/12/2022;10;10.1;7.9;11.1;13.9;19.6;22.2;23.2;22.6;20.6;21.8;21.2;21.6;21.7;26.5;32;23.5;42.8;37.7;34.2;32.2;29.1;25.3;23.1;1
31/12/2022;30.8;26.9;27.4;27.7;28.4;23.9;34.6;42.3;35.7;37;33.5;27.7;25.5;24.6;23.7;22;27.1;52.8;30;24.7;23.5;21.6;19.9;29.2;1
01/01/2023;18.1;16.2;15.3;13.8;13.1;12.3;15;15.3;14;7;6.5;5.7;5.3;1.4;-0.7;-0.9;5;20.1;13.3;6.8;5.2;4.5;5.4;9.5;1
02/01/2023;11.1;10.8;9.6;9.1;9.2;9.5;13.6;14;14.5;14.6;16.9;17.5;17.1;17.8;19.3;16.9;24.9;33.4;24.3;19.1;16.6;17.1;11.2;16;1
03/01/2023;8.8;4.6;3.9;3.9;7.4;10;14.1;16.8;18.7;19.4;19;19.2;18;13.2;9.1;6.6;11.7;27.8;15.7;7.9;4.6;10.7;8.9;12.2;1
04/01/2023;10.3;7;3.5;8.5;10.5;15.3;19.7;27.5;19.6;15.3;12;10.4;10.2;11.6;11.9;12.3;16;51.5;38.5;30.2;27.9;21.4;17.7;17.8;1
06/01/2023;24.3;21.3;21.6;23.9;24;29.2;67.1;74.5;29.7;28;27.2;24.4;24;21.3;20.8;20.5;26;55.7;29.8;22.8;21.5;19.6;16.9;29.3;1
07/01/2023;4.5;3.2;5.9;6.1;10.2;17.8;29.2;25.5;24.4;11.3;10;9.8;9.4;8.7;6.9;9.8;20.4;48.2;35.1;23.5;21;21.4;20.7;16.7;1
08/01/2023;27.7;25;23.5;22.8;21.5;21.4;24.3;27.8;23.3;20.4;22.3;23.9;24.4;25;23.3;25.1;26.1;56.5;34.9;27.7;26;25.1;23.5;26.1;1
09/01/2023;23.3;20.3;19.9;20.7;21.2;22.9;23.5;26.5;23.9;22.2;20.5;20;19.3;18.6;18.3;17.6;18.2;61.6;33.2;24;19.4;19.7;19;23.2;1
10/01/2023;11.7;10.6;13.4;14.5;15.5;17.7;21.6;23;19;16.8;16.7;16.9;16.7;16.5;16.4;15.9;17.3;57.3;35.6;23.9;22.8;21.7;19.7;20.1;1
11/01/2023;15.6;12.3;9.1;8.1;9;12.5;22.5;21.7;14.7;8.4;9.3;10.2;8.3;4.8;4.1;8.5;16.4;43.6;22.6;12.7;13.5;13;16.6;13.8;1
12/01/2023;7;5;4.8;5.1;7.9;11.5;24.4;23.7;15.4;9.6;11.2;10.5;3.8;-0.9;-5;-4.3;-0.8;24.9;20.5;5.9;3;5.3;6.6;8.5;1
14/01/2023;38.5;35.8;36.5;36.7;35.2;49;79;83.3;42.6;31.7;28.9;26.2;25.4;24.1;23;22.6;25.8;49;37.9;29;28;25.1;24.8;36.4;1
15/01/2023;16.2;15.1;15;15.2;15.9;18.4;19.4;14.8;13.2;3.7;1.6;0.1;-0.9;-2;-1.6;-1.4;-0.7;8;7.9;2.9;1.5;1.1;2.6;7.2;1
18/01/2023;18.1;18.8;22;23.7;27.7;31.3;35.3;33.2;28;31.2;33;31.5;29.8;26.2;24.5;22.9;30.5;79.2;55.3;39;31.1;27.6;25.8;31.5;1
19/01/2023;17.5;11.2;11.1;11.2;12.2;17.3;20.6;14.3;8.8;-0.2;-0.8;-1.2;-1.2;-1.2;-1.6;-1.6;-0.9;13.8;21;15.5;12.9;13.7;15.2;9;1
20/01/2023;16.3;17.6;18.7;21.5;24.5;28.3;32.4;37.8;33.4;26.6;25.9;25.8;26;25.3;23.7;23.1;27.7;56.6;47.1;34.7;31.8;25.5;22.6;28.4;1
21/01/2023;17;15.3;15.4;15.9;16.2;19.4;25.2;24.3;20;17.3;14.3;10.2;5;1.9;0.6;0;0;7.3;9.4;7.6;5.2;7.9;11.4;11.6;1
23/01/2023;25.2;23.6;24.5;27;28.6;30.2;30.6;37.6;33.5;25.4;22.2;20.9;20.1;19.7;18.9;18.9;22.6;44.6;51;46.5;33;30.2;26;28.7;1
24/01/2023;24.4;21.9;22.1;22.4;22;25.7;41.4;43.3;32.7;18.8;14;12.3;10.3;8.4;4.7;4.9;5;15.9;25.7;22.4;23.6;21.7;20.4;20.2;1
25/01/2023;23.8;23.9;25;26.6;29.9;33;48.6;56.5;49.3;37.7;31.7;32;30.5;27.7;26.2;24.5;25.9;43.9;42.6;40.7;39.8;35.6;31.3;34.2;1
27/01/2023;27.1;25.4;25.3;25.7;28.9;37;62.3;60.5;34.1;25.1;23;20;19.4;18.5;17.8;17.8;19.7;37.5;40.8;39.9;39.4;35;30.9;30.9;1
28/01/2023;21.4;20.4;19.9;20.3;22.1;25.3;32.4;31.1;20.1;15.9;13.2;13.2;14.3;11.9;9.6;8.6;13.5;26.6;25.1;16.2;7.5;6;5.8;17.4;1
04/02/2023;32.4;31.1;31.2;33;35.6;42.3;76.5;76.5;37.1;27.3;24.9;22.6;19.9;18.4;16.8;16.3;17.3;29.6;34;27.6;24.2;23.4;21.5;31.3;1
05/02/2023;17.2;15.4;15.2;16.3;17.6;19.1;24.7;24;18.2;6.5;4.2;3.7;5;4.9;5.8;8.4;14.1;21.2;25.5;16.5;13.3;13.9;14.7;14.1;1
06/02/2023;13.9;14.8;16.4;18;19.2;20.7;28;32.3;25.1;19.2;17.9;16.5;15.9;15.3;14.3;13.3;13.4;18.6;18.1;13.9;9;5.1;3;16.6;1
07/02/2023;-0.6;0.4;0;0;1;4.1;5.3;5.6;3.9;0.8;0.2;0.1;-0.1;-0.7;0;0.7;2.2;19.6;22.8;14.1;8.6;7.1;4.6;4.3;1
09/02/2023;20.7;19.8;20.3;20.9;21.8;27;32.8;36.1;21.7;17;14.5;14.2;13.4;10.4;6.6;6.6;9.5;27.7;41.9;43.8;29.7;22.1;19.3;21.6;1
10/02/2023;16;15.6;15.6;16.5;18.3;17.3;30.6;30.6;15;10;7.1;3.2;3.5;2.8;2.5;1.3;-0.2;9.2;14.3;7.2;7.7;7.8;9.6;11.4;1
12/02/2023;37.7;33.1;33.7;32.6;33.4;36.5;58;56.9;33.4;26.8;20.4;19.1;16.2;15;14.5;14.1;16.1;30;43.9;26.8;22.4;19;14.4;28.4;1
13/02/2023;16.6;15.2;16.2;16.3;17.9;18.9;19;25.8;12.2;11.9;12.6;12.1;12.7;13.1;11;11.5;13.7;20.2;23;17.4;14.5;12.7;16.2;15.7;1
14/02/2023;18.6;18.4;17.9;19.5;24.2;30.9;53.4;61.2;30.5;25.8;22.4;17.1;16.7;16.6;11;8.3;5.9;8;8.6;3.8;2.2;3.8;3.4;18.6;1
15/02/2023;1.3;2;1.8;1;-2.1;-1;7;4.5;1.3;-0.1;-1;-1.6;-2;-3;-3.2;-3.3;-2.2;9.4;21.7;16.8;11.7;13.6;14.4;3.8;1
16/02/2023;20.5;17.2;14.1;12.1;12.7;16.1;25.4;20.8;12.2;5.3;2.8;1.3;0.5;0.6;0.5;0.8;1.6;15.1;27.4;14.5;6.5;4.2;12.7;10.6;1
18/02/2023;30.1;29.5;32.8;36;36.9;50.6;97.8;96.3;42.2;27;21.2;18.9;17.5;15.9;15.4;15.7;16.1;31.4;50.2;38.4;32.6;29.3;28.6;35.2;1
19/02/2023;20.9;19.7;19.5;19.7;21.8;22.3;31.4;35.1;24.1;22;12.2;8.3;4.9;2.8;3.1;2.3;3.4;8;15.8;7.7;3.9;1.7;1.7;13.6;1
20/02/2023;5.3;5.4;6.4;6.3;9.8;14.6;15.3;17;15;17.5;16.2;13.9;13.5;12.5;11.6;12;12.9;20.6;23.8;17.8;11.8;8.3;5.4;12.7;1
21/02/2023;4.2;6.5;6.5;6.7;7.1;9.7;16;12;4;2.4;1.8;1.8;0.9;0.8;0;2;3.2;14.6;30.8;25.6;22;21.6;20.1;9.6;1
22/02/2023;18.6;17.1;16.4;18.1;16;22.6;28.3;23.9;16.3;13.2;12.8;10.8;5.7;2.6;0.8;0.2;0.1;9.4;14.6;9.9;6.2;5;10.3;12.1;1
23/02/2023;7;6.1;5.5;5;5.1;8.4;8.3;6.4;2.2;-3.2;-4.1;-4.5;-4.6;-5.2;-3.9;-3.5;-3.8;1.5;10.7;18.4;21;22;19.7;5;1
26/02/2023;32.6;30.1;28.9;27.1;26.4;28.6;28;31.6;31.6;35.3;35.7;29.5;25;22.6;24.6;23.8;26.7;28.2;31.6;29.5;25.1;24.5;24.3;28.3;1
27/02/2023;25.8;21.7;20.2;17.8;15.5;17.7;14.5;13.9;14;9.4;3.2;0;-0.7;-0.5;-2.1;-0.7;3.2;13.6;35.6;28.4;25.5;21.2;19.5;13.8;1
28/02/2023;6.2;3.5;3.1;4;5.6;13;19.6;17.5;7;4.7;5;7.4;11.4;14.2;15.5;14.1;10.6;27.7;67.2;35.6;31.4;23.2;24;16.1;1
03/03/2023;26.7;23;23.1;25.6;29.3;32.9;39.2;28.4;22.6;22;19.6;13.6;9.4;11.9;13.7;17.1;15.9;19.9;24.2;21.5;17.8;8.7;10.4;20.7;1
05/03/2023;20.1;19;22.5;27.1;31.2;34.1;39.2;38.1;16.4;18.1;17.7;17.3;17.9;18.3;19.2;17.3;17.9;37;91.7;50.8;39.9;27.4;26.4;28.9;1
11/03/2023;36.9;32.1;34.4;33.5;36;46.9;55.5;56.9;49.2;46;39.9;37.1;30.4;34.2;28.6;25.5;24.3;29.5;40.6;35.6;24.8;20.2;19.6;35.6;1
15/03/2023;26.9;24.2;27;27.9;30.2;33.2;45.3;62.7;43.3;25.7;22.2;19.5;16.9;16.7;16.2;16.7;18.3;18.4;27.6;43.1;32.4;16.8;17.4;27.3;1
16/03/2023;11.6;10.6;9.1;9.8;10;15.7;20.9;17.6;6;-0.4;-0.9;-1.9;-2.9;-3.4;-4.7;-4.5;-3.5;-3.7;-0.6;5;5.2;0.4;1.4;4.2;1
20/03/2023;47.7;46.6;44.2;47.1;48.3;54.9;74.5;93.2;88.9;56;32.9;25.2;23.1;20;17.2;16.5;16.2;17.5;25.9;42.5;40.7;25.5;20.1;21.4;1
21/03/2023;19;18.9;18.3;18.4;19.2;25.8;34.4;37.1;14;4;-1.3;-1.9;-3.1;-3.8;-4.5;-4.2;-3.8;-2.3;-1.7;0.8;2.5;-0.8;3.4;5.3;1
22/03/2023;0.5;0;-0.3;-0.2;1.4;5.4;8.3;12.7;7.3;1.9;0.4;0.6;1.2;0.2;-0.4;-1.1;-1.7;-0.3;4.4;19.3;22.8;5.6;6.6;8.9;1
24/03/2023;10.7;10.8;11.2;13.5;21.9;33.4;40.6;46.6;33.1;20.4;18.5;19.6;22.8;26.3;26.8;26.5;27;29.4;35.7;66;58.7;35;31;30.4;1
30/03/2023;57.4;53.9;53.3;52.7;50.8;59;102.8;96.6;39.4;23.1;16.2;13.4;12.9;12.3;11;11.6;10.8;11.9;16.4;30.2;21;-0.8;3.8;5;1
31/03/2023;7.2;4;4.1;5.1;6.5;16.5;16.1;11.3;2.6;0.3;-1.3;-1.2;-2.1;-2.2;-2.2;-2.1;-2.9;-3.4;-0.4;3.9;6.9;3.1;3.5;3;1
02/04/2023;49.1;47.6;47.5;48.7;51.3;54.1;63.5;59.1;41.3;28;24.7;27.8;34.5;42.6;51.8;54.4;40.9;51.4;51.8;89.2;41.5;22.4;16.9;14;1
03/04/2023;-0.4;0.9;0.8;0.8;1;1.9;3.5;8;8.7;0.7;0.4;0.6;2.2;5;3.8;5.7;7.6;11;18.8;67.2;50;36;30.8;27.6;1
04/04/2023;16.7;16.9;17;15.6;19.4;21.2;22.3;24.9;11.5;4.8;6.1;5.5;0.2;-3.3;-4;-2.9;-1.7;-1.4;8.1;53.2;58.9;38.9;30.3;23.1;1
05/04/2023;10.4;4.9;4.6;5.2;8.6;12.9;15.9;16.7;9.1;-1.3;-3.1;-5.3;-6.3;-6.8;-5.3;-4;-1.5;-1.4;1;24.2;48.1;31.4;28;16.9;1
06/04/2023;10.5;7;4.5;3.9;6.6;13.7;20.3;20.8;14.4;7.2;7;14.3;20.9;23.5;23.9;27.6;31;35.7;53.8;118.4;88;47.2;26.5;22.9;1
07/04/2023;17;15.5;14;14.3;16.4;22.5;28.6;28.1;21.9;14.4;9.9;9.1;8.7;8.3;9.3;9.1;9.7;10;11.2;26.6;39.9;30.6;25.1;23.9;1
09/04/2023;41;38.4;39.6;51;54.5;54.7;52.2;55.4;41.1;28.2;23.9;21.9;20.5;19.3;19.2;18.4;19.6;20.9;28.3;64;52.4;28.1;26.1;24;1
11/04/2023;19.4;19.9;20.7;21.1;28.3;40.6;47.3;56.2;34.7;29.8;25;23.6;23.8;21.6;22.2;20.3;27;34.7;49.8;76.8;67.8;31.7;25.8;21.8;1
12/04/2023;14.1;13.2;14;15.3;18.6;27.8;43.5;40.3;24;20.6;17.3;16.9;16.8;17;17.3;17.7;20.8;23;30.9;55.4;32.4;18.5;15;8.6;1
13/04/2023;2.5;1;1.7;2.5;5.4;14.7;20.3;21.4;13.7;8.9;7.8;8.7;9.5;9.3;10.9;11.9;13;12;15.6;39.5;23.8;10.3;3.6;0.8;1
15/04/2023;-8.8;-8.7;-9.6;-8.9;-7.2;-2;1.8;8.3;4.8;1.2;0.5;1.9;2.4;3;1;0;-2.1;-1.6;1.8;31.2;55.9;35.9;28.3;20;1
16/04/2023;24;17.3;11.2;8.5;6.8;8.8;7.8;8.8;4.1;2.5;0.8;3.8;5.3;11.7;15.6;15.5;20.8;20.6;22.9;53.3;37.7;18.8;14.9;11.3;1
17/04/2023;17.3;16.1;17.8;18.5;19.7;25.5;25.4;25.2;16.6;11.7;12.3;14.9;15.5;16.1;16.9;18.7;19.9;26.3;39.2;139.9;113.7;44;22.8;17.1;1
18/04/2023;7.9;2.6;0.5;1.7;2.6;6.8;11.4;13.9;6.3;2.6;-0.9;-1.9;-2.8;-2;-1.7;-1.5;-0.7;1.1;5;20.4;24.8;6;2;1.4;1
19/04/2023;-2.5;-3.4;-4.4;-4.6;-3.4;0.4;8.3;9.9;2.3;0;0.1;0.3;1.7;6;6.2;7.1;7.3;7.1;13.9;28.2;30.8;13.3;5.5;2.4;1
20/04/2023;-3;-4.1;-3.1;-3.6;-2.8;0.7;7.9;9.6;0.7;-0.2;1.3;5.1;7.3;9.9;6.6;3.6;3.3;4.3;5.8;31.7;40;10.6;3.3;3;1
22/04/2023;24;22.6;23.3;24.4;23.2;23.3;26.2;21.3;12.3;9.6;9.4;11.5;13.4;16.2;22.7;25.8;42.6;48.8;101.6;260.9;271.2;76.3;31.4;23;1
25/04/2023;43;42.7;44.1;44.8;45.7;53.6;101.2;95;52.1;38.4;32.6;25.8;20.9;16.7;15.4;15.8;15.5;15.9;14.9;23;29.2;16.7;16.3;17;1
27/04/2023;14.7;13.8;12.9;15.4;18.9;23.3;31.8;32.6;16.8;12.6;13.5;17;20.3;21.5;21.7;24;23.6;22.6;24.3;46.6;52.3;36.8;26.7;27.2;1
28/04/2023;19.7;20.2;18.6;17.8;17.7;20.5;35.6;30.7;14.7;12.4;13.8;16.2;17.6;19.3;20.8;23;23.8;27.7;56;220.3;242.9;70.5;43.4;19.5;1
29/04/2023;11.7;8;6.9;5.7;7.4;13.5;16.6;17.7;6.9;3.6;2.3;0.7;0.3;-1.2;-2.3;-2.1;-1.3;-0.3;0;3.6;16.4;16.4;19.7;23.3;1
30/04/2023;20.9;20;18.6;14.3;12.1;12.8;14.3;14.2;12;9.8;5.2;2.2;1;4.8;6.9;11;10.9;14;15.7;48.6;114;87.4;62.2;55;1
06/05/2023;4.9;4.8;4.9;5;5.6;13.2;19.5;17.5;9.1;10.2;15.3;18.4;32;42;60.9;54;57.3;60.5;35.5;104.5;121;56;36.1;35.2;1
07/05/2023;23.6;19.5;19.9;19.6;20.7;24.4;25.5;26.2;17.3;16.1;19.1;24;36.2;54.7;61.6;72.8;80;80.2;61.2;116.7;112.2;44.5;31.3;28.3;1
09/05/2023;13.9;10.5;10.5;12.2;16.6;21.9;24.6;23.2;15.4;13.2;15.7;21.7;31.7;58.1;90.1;129.3;185.2;200.1;85.7;106.9;90.4;31.2;25.2;21.3;1
10/05/2023;17.4;14.3;12.3;12.1;14.6;19.9;23.4;21.6;15.8;16.3;17.5;19.5;21.9;24.8;27.2;27.9;28.1;20.4;20.5;32.6;47.1;24.2;19.8;19.4;1
27/05/2023;21.3;18.9;18.4;18.1;19.5;21.2;23.8;24.6;21.8;22.1;23.9;25;26.2;32.1;33.5;37.8;46;42.6;33.6;41.7;45;32.5;24.3;21.3;1
28/05/2023;19.9;18.7;17.1;15.7;15.5;16.9;17.9;17.3;18.1;17.4;18.3;19.1;20.9;25.7;26.4;30;37.3;34.1;29.6;42.7;46.4;31.5;25.7;20.8;1
30/05/2023;18;16.5;16.1;16.1;16.1;16.7;16.9;16.2;15;15.5;17.5;19.3;20;24;22.4;24;23.8;23.1;23.7;33.6;42.3;23.5;18.3;16;1
31/05/2023;13.5;11.9;11.6;11.7;13;16;20.2;18.5;16.4;16.7;18.6;23.1;22.5;25.4;24.7;29.1;33.8;26.4;25.8;34.2;36.4;20.7;17.6;13.6;1
04/06/2023;25.4;21.2;19.6;18.9;19;19.2;22.3;22.3;20;22.1;23.5;26.4;26.7;28;29.7;37.4;42.8;36.9;34.1;37.6;45.7;28;25.7;22.1;1
08/06/2023;21.4;19.5;18.2;17.9;18.2;19.3;20.2;18.8;18.4;19.7;22;26.2;28.6;32;41.3;61.1;77;83.9;69.6;80.2;75.4;30.4;28.1;23.4;1
12/06/2023;19;17.7;16.7;15.7;14.4;13.6;12.7;11.3;10.3;11.3;14;19.2;24.7;36.8;56.5;81;88.9;72.4;45.5;48.8;38.3;27.2;22;19;1
23/06/2023;25.5;23.3;22.2;21.9;22.2;23.9;24;22.8;21.5;22.3;24.4;26.9;39.9;80;78;98;98.5;79.6;52.2;48;51.9;33.3;25.7;25.2;1
24/06/2023;25;21.4;20.2;19.9;20.2;22;22.7;22.1;20.5;21.9;24.6;24.3;29.4;42.4;52.9;65.2;70.1;50.3;39.5;41.3;39.5;31.8;27.8;25.3;1
27/06/2023;22.8;19.6;18.3;17.7;17.6;18.3;15.5;15.8;14.9;15.8;19.3;21.2;113.2;548.8;949.6;1712.5;1256.5;1053.1;753.6;556.9;212.3;42.9;28.8;24.1;1
28/06/2023;18.7;17.9;16.8;17.7;17.4;17.8;17.3;15.6;13.1;13.8;14.3;17.4;17.6;26.8;36;37.8;40.6;30.8;36.5;63.2;66.5;34;25.8;20.9;1
29/06/2023;19.7;15;13.4;11.9;11.3;11.8;11;11.4;7.1;4.6;4.1;6;9.8;14.4;19.7;28.7;40;36.4;34.7;48.3;59.3;32.5;28.2;20.5;1
30/06/2023;25.1;20.6;18.8;18.9;19.2;20.1;18.6;18.5;15.1;11.5;15;16.9;18.3;23.1;24.2;26.2;33.4;25.8;28.4;39.1;53.9;35.3;31.1;26.5;1
01/07/2023;26.2;22.8;20.6;19.8;19.8;20.7;20;19.8;18;14.8;15.4;18.8;23.9;31.9;48.7;51.9;64.8;65.9;61.4;74.9;71;39.2;36.1;27.8;1
09/07/2023;24.4;21.9;20.9;21.2;21.3;21.9;22.9;22;21.6;20;26.2;29.8;33.2;37.4;40.2;50.6;62.4;61.6;48.3;66.1;75.6;37.9;32.7;28.3;1
18/07/2023;20.3;18.7;18.8;17.7;17.6;18.1;17.7;17.2;17.1;16;20.2;25.5;27.8;59.7;149.5;239.4;321.8;249.3;205.9;336.6;198.3;43.7;27.7;21.8;1
19/07/2023;23.2;20.2;18.7;15.6;14.7;15.7;14.6;14;7.6;2.7;3.2;5.5;9.8;14.6;26.7;35.5;47.6;45.3;66.5;122.2;97.2;39;28.9;25.1;1
03/09/2023;25.6;24.7;23.4;23.2;23.7;23.8;23.9;22.5;18.3;19.2;22.9;33.2;40.8;57.9;81.6;136.2;205;183.4;252.8;330.9;95.2;53.3;36.6;31.1;1
04/09/2023;16;15.3;12.4;10;10.6;12.1;13.9;14.5;10;5;4.2;4.7;6.6;7.9;9.8;11;14;18.1;41.2;83.9;44.5;27.5;16.4;14.4;1
11/09/2023;20.8;19.9;19.1;18.3;18.3;19.8;23.3;22.6;21.5;20.3;20.3;23.3;27;30.6;40.6;58.9;66.3;49.2;52.2;69.7;45.8;36.1;30.2;25.9;1
19/09/2023;11.1;8.1;3.9;4.7;8;12.2;16.5;17;11.5;7.3;8;10.4;14.1;16.8;18.5;24.2;34;41.6;62.7;56.5;32;24.4;21.6;18.9;1
11/10/2022;46.7;43.3;38.5;38.2;40.1;44.1;50.6;51.4;47.1;46.6;44.6;41.4;46.6;48.6;51.3;58.6;74.1;82.1;85.7;67;60.3;53.9;49.1;52.6;2
19/10/2022;48.7;45.3;43.6;43.5;45.3;54;72.7;77.6;60.6;53.8;48.8;46.1;45;45.7;45.4;45.9;47;55.5;99.1;116.9;65.6;54;53.9;57.1;2
24/10/2022;3.8;1.6;0.7;0.3;0.3;0.3;3.3;3.7;3.3;-0.1;-0.3;0.7;-0.4;0;2.2;3.4;5;3.9;16.6;16.4;5.6;5.1;6.2;3.5;2
25/10/2022;14.9;15.4;18.9;23.8;31.1;37;38.7;44.6;41.1;43.5;42.5;42.1;37;29;22.7;16.8;16;21;48.9;46.6;30.5;33.8;33.8;31.7;2
01/11/2022;43;39.3;37.8;38.9;40.6;46.1;78.2;79.7;57.3;46.1;44.7;42.7;42;42;44.3;45.8;55;74.4;115.8;80.5;53.3;45.7;41.2;53.7;2
10/11/2022;0.7;0.9;0.9;1.4;2.2;3.4;8.3;5.7;-0.3;-2;-3.3;-3.5;-1.8;-1.2;0.3;1.6;7.2;18.2;5.6;0.5;0.5;-0.8;-0.7;1.9;2
11/11/2022;-6.1;-6.9;-4.5;-0.5;2.3;19.7;39.5;45.6;34.3;18;21.8;29.2;40.5;59.1;78;94.1;279;454.2;146.2;70.8;49.5;38.1;33.9;66.8;2
12/11/2022;31.5;26.6;23.2;19.8;17.5;21.5;16.7;9.9;0.5;1.9;0.6;0.4;3.6;4.1;1;0.9;31.1;64.3;46.6;41.1;41.2;50;46;21.7;2
14/11/2022;40;39;37.7;38.1;37.8;42.2;47.9;52.3;38;24.9;21.4;7.6;1.8;1.3;0.8;1.4;9.1;39.4;35;16;6.2;3.5;4.6;23.7;2
25/11/2022;28.7;30.2;33.5;38.5;46;45.9;45.4;53.6;45.3;46.9;51.3;40.8;36.2;34;27.3;20.1;30;41.3;39.5;33.3;31.3;27.1;24;37;2
02/12/2022;55;54.2;50.8;52.5;52.6;57.8;93;94.4;54.4;47.3;40.3;38.1;35.3;33.3;30.5;28.9;35.1;52.7;41.2;25.9;19.3;11.8;15;44.3;2
04/12/2022;62.4;47.9;38.3;25.3;14.8;12.9;23.4;25.3;23.4;14.2;17.6;25.5;36.1;35.8;36.5;37.4;55.1;99.2;76.5;57.5;51.6;52;55.4;40.2;2
05/12/2022;53.4;49.7;48.8;50;50.6;50.8;47.5;47.3;44.7;44.3;45.1;39.3;33.6;32.3;32.1;31.5;44.7;84.1;45.2;37.8;30.5;24.4;22.6;43.1;2
08/12/2022;28.8;27.8;27.8;28.9;30;38;45.6;49.1;46.9;41;40.3;38.6;36.3;37.1;39.3;40.5;57.8;88.5;54.1;43.7;37.9;38.4;35.3;41.4;2
13/12/2022;42;31.4;28.5;26.2;26.1;30.7;43.1;42.1;31.3;15.6;8.3;4.9;3.7;1.6;2.1;2.4;7.4;34.3;30.4;18.9;17.5;14.2;14.1;20.7;2
14/12/2022;22.2;16.4;19;25.6;30.2;39.4;49.8;53.3;45.1;34.9;22;7.4;4.3;3.7;3.9;5;10.5;60.6;53.6;49.7;48.4;45.4;42.9;30.1;2
19/12/2022;51.9;46.2;46.1;46.8;44.1;46;52.9;66.2;54.1;35.1;26.6;20.4;16.5;14;11.7;14.4;19.5;41.2;42.6;33.9;29.4;28.6;21.9;35.2;2
20/12/2022;16.3;13.1;15;20.9;28.6;35.5;44.7;51.3;52.2;40.8;38.6;38;36.5;35.3;34.5;35.4;49.8;95.8;68.4;57.1;55.2;47.2;43.5;41.5;2
21/12/2022;40.4;38.6;37.6;38.8;39.6;47.4;55.8;64.5;51.2;48.1;44.9;40.7;36.4;35.2;34.4;34.2;38;78.7;67.7;60.7;61.2;55;51.9;47.9;2
25/12/2022;677.9;602.6;568.9;568.7;735.3;1113.8;2394.4;2559.8;1969.7;494;194;101.4;76;64.3;55.8;52.7;73;135.2;420.4;716.6;816.9;715.8;478.7;677.6;2
26/12/2022;67.3;60.8;60.6;60.2;64.9;72.4;81.5;104.1;87.9;60.1;50;42.8;37.7;37.3;33;30.7;34.4;41.9;43;39;37.2;34.5;33.7;52.8;2
05/01/2023;14.7;9.8;9.3;9.3;11.4;17.1;27.4;33.3;21.5;17.9;14.2;13.3;13.6;13.8;14.9;17.6;27.2;36.1;35.9;31.9;31.1;27.2;25.4;20.6;2
13/01/2023;2.6;1.5;1.1;1.5;4.7;9.3;20.8;17.1;11.2;7.4;7.9;12.4;16.8;17.6;19.8;19.2;16.8;33.7;42.8;34.9;31.5;32;34.3;17.2;2
16/01/2023;0.4;-0.6;-0.9;-0.4;0.2;1.5;3.1;6;6.1;2;2.5;2.4;2.6;2.5;2.7;3.3;8.1;19.1;14.9;9.2;5.3;3.5;7.1;4.4;2
17/01/2023;6.1;4.9;5.7;6.6;8;14.7;18.9;19.9;20.8;17.2;9.6;6.6;5.5;2.6;1.7;2.9;8.9;43.2;45;28.4;24.4;15.8;18.9;14.6;2
22/01/2023;18.2;19.1;21.7;22.7;25;26.6;26.5;32;34;29.7;24.9;19.8;18.9;17.1;11.2;6;5.4;18.6;21.9;19.8;19.5;16.6;18.7;20.6;2
26/01/2023;26.4;24;23.9;23.3;26.2;29.6;49.8;50;33.9;24.9;23;22;21.2;20.6;20.2;20.3;22.9;43.9;58.6;54.9;47.2;42.4;34.8;32.3;2
29/01/2023;1.3;1.4;2.4;3;4;5.5;8.6;13.7;11.2;8.2;7;7;7.8;7;7;9.4;15.7;28.6;27.1;20.4;16.2;14.4;14.7;10.5;2
03/02/2023;34.4;33.7;33.8;34.4;34.8;49.6;68.2;74;64.4;46.7;40.2;34.2;32.2;30.3;27.3;27.1;28.7;44.2;52.1;39.6;36.2;32.6;27.1;40.2;2
08/02/2023;6;6.8;9.4;10.7;7.4;8.9;9.2;8.9;7.1;3.7;1.1;0.8;1;0.9;0.6;1.7;8.6;15.7;23.7;20.8;19.5;16.1;19;9;2
11/02/2023;7.6;10.1;10.5;12.8;16.4;21.7;29.1;30.5;22.9;14;10.3;9.1;8.5;6.8;7.3;9.9;13.2;26.1;56.2;55.2;55.4;60.5;47.4;23.5;2
17/02/2023;10.1;8.9;9.7;11.7;13;20.1;35.8;31.6;17.4;7;6.1;6.5;5.5;5;4.5;6.3;9.3;21.8;41.3;42.4;38.8;36;34.2;18.4;2
01/03/2023;11.8;11.3;12;12.9;16;22.6;35.4;29.4;16.1;12.9;11.9;10.4;9.1;8.1;6;7.9;8.8;24.7;43.9;32.5;28.5;27.2;25.8;18.5;2
02/03/2023;24.9;23.2;25.7;26.5;29.6;39.9;51.8;48.2;30;27.4;29.4;30.8;30.2;33;30.2;27.7;29.8;43.2;54.3;37.2;31.8;28.8;24.8;33;2
04/03/2023;7.6;8.9;10.7;14.2;19.1;25.6;32.4;29.1;19.5;16.7;17.9;19.2;19.3;19.2;18.4;17.9;18.8;32.1;81.4;47.8;31;24.8;22.9;24.1;2
06/03/2023;17.6;8;4.9;2.4;1;2.8;3.4;2.5;-1.3;-1.6;-1.7;-1.3;-0.8;-1;-0.5;-0.1;0.8;10.3;40.5;27.9;12.8;6.5;6.6;6.1;2
07/03/2023;2.8;2.7;5.1;8.5;15.2;23.7;29.2;27;19;20.7;22.9;24.5;24;25.3;26.3;25.3;30.5;66.5;112.4;58.6;39.5;28.8;27.8;29;2
08/03/2023;21.6;19.3;20.1;21.3;25.9;34.1;35.4;33;25.8;23.6;25.1;26.9;25.8;28.9;31.5;33.6;33;59;70.9;48.5;39.7;31;31.2;32.4;2
10/03/2023;39.9;35.6;32.5;32.5;35.1;37.7;44.5;38.9;27.7;25.3;25.5;23.9;26.1;29;39.7;47.8;52.6;57.9;72.9;49.4;39.6;33.6;35.4;38.4;2
12/03/2023;3.6;6;6.4;4.1;5.5;9.1;8.6;8.1;2.5;-0.2;0;0.2;0.8;0.4;1.2;0.7;3.9;22.7;55.3;41.4;26.3;20.9;18.1;10.7;2
13/03/2023;28;;24.1;22.9;23.8;27.2;33.1;35.3;32.5;23.3;20.6;23.3;22.5;25.7;29.2;28.5;28.2;27.8;36.5;51.2;30.5;20.7;21.5;28;2
14/03/2023;22.6;25.9;30.3;35.9;38.2;37.9;56.3;64.2;43;20.2;13;11.8;12.5;13.3;14.4;14.5;15;16.2;25;51.5;37.1;26.1;23.9;28.2;2
17/03/2023;-2.9;-3;-3.3;-3.3;-1.9;0.2;1.8;3.7;0.9;-0.6;-2.3;-3.4;-4.3;-4.1;-5.3;-6;-5.2;-4.2;-0.2;1.8;0;-0.3;0;-0.8;2
19/03/2023;56.4;50.3;53;52.5;54.7;62.7;72.9;91.8;91.2;54.8;35.8;28.9;22;20.5;20.4;20.8;22.8;27.5;38.5;78.7;73.3;47.7;45.6;44.2;2
23/03/2023;6.9;5;3.8;3.7;5.5;15.3;19.8;21.7;18.3;9.9;4.5;2.1;0.7;0.1;-0.2;-0.3;0.1;2.4;10.2;24.2;21.6;10;10.6;11.5;2
25/03/2023;47.6;41.5;41.1;40.9;36.3;41.2;52.7;56.3;43.5;32.7;30;21.8;12;3.8;2.9;1.1;1.2;3.7;4.8;20;24;13.8;15.7;19.2;2
28/03/2023;41.3;35.6;39;41.9;49.1;59.7;76;108.9;60.1;24.1;19.6;23.9;26.1;24.5;35.2;50.9;72;116.7;155.2;338.7;275.1;93;68.5;49.3;2
01/04/2023;2.9;2.7;3;2.6;5.1;8.8;20.6;22.5;17.4;2.3;-0.6;-2.4;-4.2;-6.9;-6.2;-6;-3.4;-2;7.6;53.7;81.6;47.5;47.4;43.6;2
08/04/2023;26.2;24.7;23.4;24.1;25.5;31.2;25.2;27.3;27.1;25.9;25;21.3;20.8;19.6;19.4;18.4;20.1;24.3;35;57;68.1;61.8;56.1;51.7;2
10/04/2023;18;17.9;18.4;19.3;23.3;24.6;30;33.2;26.8;22.1;19;19;20;19;19.1;19.6;23.2;25.5;34.4;66.9;58;32.5;24.8;22;2
14/04/2023;-2.1;-3.8;-4.6;-3.9;-2.4;-0.5;5.7;5;3.2;1.7;-0.5;0.9;1.7;3.4;4;4.5;5.2;5.8;7;18.2;16.9;2.6;-1.5;-2.5;2
26/04/2023;23.9;22.2;23.4;22.1;22.9;28.5;45.4;39.5;21.6;13.2;10.8;10;9.9;11.3;13;16.8;20.1;22.2;25.5;46.6;46.5;21.5;17.7;16.6;2
02/05/2023;15.6;14.7;16.2;16.8;18.1;21.6;28;19.7;13;12.9;14.2;15.3;17.8;21.3;23.6;26.8;31.6;36.1;36.2;77.3;55.7;31.4;25.2;20;2
03/05/2023;19.3;17;18.9;19.7;23.1;29.2;32.4;30.5;26.6;25.3;22.1;20.9;21.3;23.4;24.5;26.1;32.9;29.9;30.9;52.6;64.4;46.5;28.5;26.6;2
05/05/2023;16.1;12.3;12;11.4;12.7;17.1;17.1;12.4;12.2;10.9;11.8;10.4;7.8;4.7;2.3;0.2;0.8;5.4;13.4;33.1;55.9;24.2;14.5;9.7;2
08/05/2023;21.4;18;17.4;17.4;17.3;20.5;24.8;21.4;17;15.6;17.7;21.3;26.1;29.7;23.2;22.3;24.8;22.5;29.6;61;100.6;35.1;25.5;22.1;2
12/05/2023;15.3;13.8;13.5;15.5;17.4;24;30.3;22.8;16;14.3;15;16.4;17.8;19.7;17.3;19;20.5;20.2;27.4;83.5;163.4;59.8;42.6;36;2
13/05/2023;25.3;19.8;16.4;16.1;17.7;21.7;29.9;27.1;17.2;16.5;17.4;19.9;25.2;33.4;32.7;38;46.8;44.8;36;43.3;45.8;29.7;25.8;22.2;2
14/05/2023;24;22.5;22.5;23.4;24.6;24.8;27.6;27.8;24.5;20.7;21.5;20.9;21.1;19.1;19.9;21.8;22.5;24.4;33.3;47.8;74.2;45.1;32.3;32.2;2
15/05/2023;30.9;26.1;25.8;27.7;27.7;26.3;28.4;24.8;22.5;21.3;23;24.3;25.9;24.3;25.4;28.5;38.9;48.5;50.7;102;121.2;52.8;32.3;32.9;2
16/05/2023;21.2;19.8;18.9;18.2;18.5;20.4;27.4;24.7;20.6;20.2;21.3;23.8;25.1;26.3;33.1;43.7;60.1;70.9;77.7;172.4;223;102.4;33.2;26.7;2
17/05/2023;24.9;20.9;19.8;19.7;19.9;23.4;32.8;26.8;23.4;22.2;21.8;24.2;26.7;30;32;35.1;56;77.5;84.7;192.2;209.6;71.5;27.9;23;2
18/05/2023;19.5;17.4;15.9;15.5;16;20.8;24.7;22;19.7;20.7;21.6;23.8;25.6;29.6;32.9;42.3;47.3;44.7;51.9;94.5;95;32;23.3;21.1;2
19/05/2023;18.4;16.6;16.2;15.8;16.5;19.6;21.5;19.2;15.4;15.7;15.6;18.6;18.9;20.5;21.5;26.1;29.6;30.4;33.4;57.9;56.3;28.4;24.6;20.7;2
20/05/2023;20.7;19.8;18.4;17.6;17.8;18.7;22.6;19.7;17.3;17.5;19.2;22.5;28.8;37.1;54.3;73.8;78.4;46.4;28.3;35.7;36.4;26.3;22.9;21.4;2
21/05/2023;18.4;17.4;17.5;17.4;17.9;19.1;20.8;21;21;19.2;20;22.6;22.8;25.8;28.7;28.6;40.5;45.7;50.4;74.4;66.9;36;27.6;26.5;2
22/05/2023;24;22.7;21.8;20.7;20.8;20.6;22.6;22.3;22.3;22.3;21.9;22.3;22.6;22.7;24;24.7;25;26.3;29.5;42.7;52.5;31.7;25.6;22.8;2
23/05/2023;20.4;19.3;19.3;19.5;20.8;23.7;27;24.8;21.3;20.8;22.2;22.7;23.1;25.6;29.6;35.7;49.2;49.2;42.9;48.9;44;28.2;24.2;21.4;2
24/05/2023;18.9;16.8;15.8;15.8;16.9;20.5;24.7;21.1;17.2;17.3;19.4;23;26;31.1;40.9;49.5;61.9;45.6;32.3;36.3;33.7;26.2;23.7;21.7;2
25/05/2023;23.2;20.7;20.2;20;20.6;23.4;30.8;25.5;22;23;25;27.5;29.7;33.8;35.5;38.7;51;45.7;37.6;38.6;48.3;29.7;26.9;23;2
26/05/2023;23.8;21.1;20.4;19.9;20.9;24;30.1;28.7;24.7;23.7;24.8;27.3;27.7;32;33.9;32;39.8;40;33.3;40.8;46.3;32.1;27;22.2;2
29/05/2023;16.9;14.9;13.4;13.1;14;13.2;16.1;14.1;14.4;14.8;16;18;18.7;21.7;21.8;23.9;25;27;25.5;35.1;42.8;27.6;21.9;18.5;2
01/06/2023;11.2;10.1;10;10.2;11.8;14.8;16.7;15.5;12.4;12.4;13.5;15.2;15.7;16.2;15.1;16.5;18.7;20.3;20.4;27.1;33.3;21.1;18.3;14.8;2
02/06/2023;14.8;12.6;12.3;13.5;15;19.4;21.7;20.1;18.1;15.4;15.3;14.8;13;11.7;11.4;12.2;14.4;18.6;23.4;31.4;39.7;23.1;21;17.6;2
03/06/2023;18;16.2;15.1;15;15.1;17.7;21;18.9;17.9;16.7;17.5;18.4;17.6;18.5;15.1;16.3;19.5;22.2;23.8;34.6;49.6;32.5;30.4;24.7;2
05/06/2023;23.1;20.1;18.6;18;17.6;17.6;21.4;18.5;18;20.3;22;24;26;24.4;26.7;27.3;28.7;30;29;39.8;47.6;30.2;24.5;22.3;2
06/06/2023;20.8;18.8;17.9;17.5;17.1;18.1;21.9;20.2;18.6;19.4;23.1;24.6;27.2;28.7;28.8;34.1;36.9;28.5;29.3;39.2;55.5;30.4;24.8;21.7;2
07/06/2023;22;19.8;18.8;18.1;18;18.8;22.5;20.3;18.5;19.4;20.9;22.7;26.8;27.9;27.5;30.8;38.2;38.8;38.6;60.3;61.1;32.3;25.7;22.2;2
09/06/2023;19;17.8;17.3;17;17.4;18.3;19.6;18.4;16;17.9;21.2;26.1;32;40.5;49.3;69.4;86.1;78.5;60.5;85.2;76.3;30.8;23.1;20.1;2
10/06/2023;15.1;13.9;13;12.4;12.4;13.9;15.1;14.7;14.6;14.7;19.5;27.3;36.8;47;56.2;64.7;72.8;59.8;41;43.5;35.5;27.9;21.2;18.6;2
11/06/2023;18.8;17.9;16.7;15.1;14.7;15.4;15.2;14.1;13;14;16.7;20.2;23.1;23.7;26.9;30.6;31.5;26.7;29;38.1;42.7;29.7;23.4;19.9;2
13/06/2023;18.6;17.4;15.6;14.2;14.8;17;16.9;15.8;13.7;14.3;17.5;21.6;24.5;31.5;40.9;52.8;43.3;36.4;30.9;42.3;53;38.8;26.3;23;2
15/06/2023;23;20.9;20.1;19.6;20.9;22.9;23;20.7;17.4;18.2;19.3;21.9;26.3;32.6;47.1;59.2;77.6;88.3;74.9;105.9;75.6;34.1;27.4;25.4;2
17/06/2023;19.3;18.1;16.4;15.7;16.1;17.4;20.5;19.3;18.4;21;26.7;29.9;30.1;52.4;90.7;142.5;183.9;184.2;144.8;162.6;140.3;40.1;29.6;26;2
21/06/2023;22.4;19.6;18.4;18.1;18.1;19.2;18.1;17.2;16.4;20;24.7;26.8;45.6;175.3;472.8;1938.4;2498.2;2500.9;2049.7;1976.5;936;161.5;49.6;29.7;2
22/06/2023;26.3;24.2;22.6;21.4;21.3;21.6;20.2;19.4;19.2;24.1;28;32.8;88;242.7;488.5;887.4;985.7;689.8;375.5;203.6;95.2;42.1;32.9;26.7;2
25/06/2023;21.1;18.8;17.8;16.1;14.7;15.7;14.4;14;12.4;11.3;14.2;18.2;22.6;31.2;54.7;93.7;152.4;117;100.5;103.8;73.2;32.5;28.3;24.6;2
26/06/2023;18.6;16.4;16.2;15.3;14.5;14.3;11.3;10.8;10.3;11.8;14.1;15.5;20.8;53.4;152.9;321.2;473.2;432.3;336;223.1;213.3;53.4;32.1;27.5;2
02/07/2023;24.8;21.6;19.2;18.1;16.9;16.6;17.8;17.6;18.4;18.8;21.6;26.8;34.7;41.6;64.2;101.4;150.3;149.1;117.8;115.1;108.6;53.4;38;34.2;2
04/07/2023;26.6;23.7;22.2;21.7;22;23.7;21.8;21.6;20.4;21.4;26;30.8;46.1;99;149.9;246.1;260.9;173.7;111;105.5;76.6;37.1;30.5;26.5;2
05/07/2023;21.5;19.4;18.4;17.9;17.8;17.9;17.7;17.4;16.2;17;19.1;23.6;26.8;30;39.8;45.2;48.8;40.2;37.8;37.9;35;27.2;24.2;24.4;2
06/07/2023;21;19.7;18.8;17.8;18.5;19.4;18.2;17.7;17.3;16.6;20;27.7;32.2;47.9;59.1;75.3;81.3;55;41;40.1;40.6;28.7;26.4;23.8;2
07/07/2023;21.5;20.6;19.4;19;19.2;21.1;22.9;23.3;20.3;20.8;25;29.4;31.4;31.1;33.7;41.2;41.2;34.8;33;34;36.1;28.1;25.4;21.6;2
11/07/2023;24.6;24;21.8;21.8;22.6;25.8;24.6;23.9;21.1;21.9;27.9;32.4;37.9;40.4;50.2;68.1;75.4;69.4;66.5;86;85.6;40.2;35;27.7;2
13/07/2023;25.9;23.4;20.5;20.1;19.5;19.9;15.9;15.7;9.5;6.7;9;13.7;18.9;27.2;39;58.9;64.3;68;67.3;88.5;71.9;35.8;35.5;27.5;2
14/07/2023;24.6;21.9;20.6;19.6;19;19.8;19.5;19.1;18.5;19.3;24.1;29.2;40.3;103.1;153.8;225.8;337.2;255.6;252.3;249.2;181.6;66.2;38.7;30.5;2
15/07/2023;26.9;24.8;22.4;20.3;19.6;20.2;17.8;17.9;17.2;17.1;19.4;25.1;30.9;60.9;104;149.9;166.1;132.3;125.2;187.5;108;48.7;33.4;28.8;2
16/07/2023;24.6;24.2;22;20.3;20;19.8;19.8;19.7;20.8;20;26.3;33.5;36.2;75.2;131.6;239.8;342.9;308.9;289.5;323.7;195;72.5;38.5;32.5;2
17/07/2023;25.3;24.6;22.2;21.1;20.2;19.9;19.5;19.3;18.6;19.9;23.4;26.4;27.2;30.2;34.2;75.2;107.6;129.5;150.5;226.3;192.9;55.4;29.1;23.4;2
20/07/2023;19.5;19.3;17.3;15.4;16;17.1;15.6;14.7;7.1;2.8;5;10.6;18.2;24;35.4;48.9;57.2;54.1;66.3;117.5;86.1;34;28.7;24.7;2
21/07/2023;22.2;19.8;18.3;17.7;18.5;20.6;22.9;22.8;21.1;22.2;26.2;32.3;52;71.4;126;244.9;321.8;308;299.1;486.6;295.2;65.1;31.8;27.1;2
22/07/2023;21.9;19.7;18.3;17.6;17.6;18.5;18.8;19.3;19.3;21;27;32.3;46.5;93.8;175;292;311.2;237.6;176.7;220.7;115.1;43.2;30.5;26.2;2
23/07/2023;24;23;21.5;21.3;20.2;20.4;19.5;18.8;18.3;19.9;25;29.4;32.9;46.9;68.1;127.6;155.3;151.9;154.7;232.5;154;45.4;32.8;27.5;2
24/07/2023;26.4;24.7;22.5;21.1;20.5;20.6;20;19.2;18.2;20;25.8;30;33;52.7;75.4;150.3;231.4;220.5;223;306.9;164.6;44.3;30.2;25.8;2
25/07/2023;20.9;19.4;19.3;18.5;18.8;19.5;18.6;17.8;17.5;18.5;22.4;28.6;31.9;54;77.2;149.4;149.8;146;119.4;159.5;82.7;36.6;30.8;23.9;2
27/07/2023;24;21.7;19.3;18.9;18.8;19.9;19.7;18.4;17.2;16.3;20.1;26.2;29.3;41.1;43.2;61.6;66.5;65.7;78.5;103.5;80.2;39.3;34.5;28.8;2
28/07/2023;28;25.9;24.1;21.9;20.9;22;21.7;20.6;20.9;19.5;24.7;29.6;33.7;47.7;53.9;72.5;76.1;63.9;69.1;108.7;93.7;43.6;33.2;29.3;2
29/07/2023;25.1;23.1;20.9;19.8;19.3;19.7;19.5;19;18.8;19;24;28.3;35.1;50;60.9;71.9;92.3;71.9;75.6;132.8;98.7;41.6;31.2;26.1;2
05/08/2023;25.5;22.3;20.4;19.5;19.6;20.9;20.8;20.3;19.9;19.8;23;28.5;49.6;100.3;256.1;343.6;434;356.7;390.8;750;361.2;64.9;38.1;29.6;2
14/08/2023;27.7;23.8;23;21.4;19.4;18.8;17.7;17.3;16;12.6;14.3;21.8;30.9;55.8;110.7;257.4;356.1;352.4;372.3;790.9;300.2;52.4;34.1;28.8;2
16/08/2023;28.6;25.6;24.4;24.3;24;25.5;26.6;27;24.4;24.7;30;43.9;51.5;171.6;403.4;1042.4;1557.7;2006.2;2498.3;3319;1503;78.1;38.4;32.2;2
19/08/2023;25.9;22.1;20.2;18.7;19.6;21.2;21.1;20.3;18.5;21.2;29.5;42.2;73.4;211.4;621;1079;907.4;782.4;744.5;938.2;327.7;54.5;35.6;29.3;2
09/09/2023;23.7;21.1;19.8;19.2;19.6;19.9;20.7;20.9;18.9;18.5;22.9;28.6;37;51.8;71.4;152.6;201.3;147.7;175;193.3;50.9;33.2;29.8;25.2;2
10/09/2023;22.8;21;20.2;19.8;20.4;21.5;20.9;20.2;17.7;16.7;18.1;23.4;25.4;28.9;34.3;41.5;49.2;40.5;59.6;79.2;39.7;29.9;26.5;22.3;2
12/09/2023;23.1;21.8;21.4;21.1;22.1;25.3;27.7;27.2;24.4;22.9;24.4;27.7;32.7;37.6;42.5;51.2;72.2;69.7;67.9;74.7;57.5;41;36.8;29.9;2
13/09/2023;32.3;30.6;31;29.8;29.5;30.9;37.5;34.1;26.7;26.5;26.8;28.8;31.3;31.8;35.2;40.1;45.6;42.8;48.5;67.1;47.9;38.1;31;27.3;2
14/09/2023;28.3;26.6;26.6;27;27.5;29.2;33.8;31.9;24.8;23.3;23.9;26;29.5;31.6;31.5;34.7;38;34.6;39.1;57.2;45.6;39.3;34.2;29.9;2
15/09/2023;26.7;26.8;27.4;28;29;30.3;36.2;34;24.9;23.9;24;26.6;28.7;31;36.1;40.3;41.4;41.3;45.9;58;42;35;31.6;28.7;2
16/09/2023;27.5;26.9;26.5;26.9;26.4;26.7;32.8;33.5;27.4;24.1;23.9;24.3;28.1;29.9;28.7;29.9;29.1;29;42.6;79.3;52.5;42.8;41;34.7;2
18/09/2023;23.7;20.7;20;19.6;19.3;19.2;22.5;21;16.7;15.9;14.8;16.6;17.5;22.2;27.7;34.8;42.7;40.9;67;70.1;36.5;29.3;23;19.4;2
22/09/2023;24.7;23.5;22.2;21.7;22.9;23.5;27.4;27.3;22.4;19;16.8;19.2;22.3;33.8;46.6;56.4;53.8;51;79.2;65;39.3;30.3;26.7;23.4;2
27/09/2022;43.6;41.5;37.8;35.2;35.2;36.2;41;41.5;38;34.2;36;43;49.8;54.6;60.5;70.2;72.7;72;98.4;99.7;61.7;54.2;50.5;52.5;3
28/09/2022;49.4;44.4;38.7;32;32.2;36.7;44.7;45.9;38.3;34.1;34.8;37;40.8;50.9;56.2;63.5;67.6;70.5;97.6;79.4;45.2;38;35.5;48.4;3
29/09/2022;34;32.9;29;30.5;31.6;35.9;41.2;42.3;37.3;35.7;37.4;42;43.4;48.1;55.5;59.3;66.3;67.7;100.1;99.3;58.8;40.6;46.3;48.5;3
30/09/2022;40;38;33.8;31.4;33;37.4;45.9;46.5;40.4;37.7;36.2;42.6;45.8;47.2;54.6;57.9;63.1;63.4;99.6;100.1;58.2;54.3;51.2;50.4;3
01/10/2022;47.9;41.6;37;36.5;38.3;42.1;51.4;48.8;39.7;37.6;37.8;38.8;41.1;41.4;46;48;54.1;56;66.4;65.4;50.9;47.6;44.8;46;3
02/10/2022;35.5;29.8;25.8;26;28.5;32.4;35.3;38.1;35.7;33.1;35.9;35.1;36.8;35.7;39.2;44.5;48.4;54.7;59.2;53.2;46.1;44.4;42.9;39;3
03/10/2022;34.6;32.6;30.9;30.3;31.4;34.2;36.3;38;32.9;32.4;36.2;33.8;37.2;41.3;40;45.8;52.9;56.2;66.8;63.7;47.7;45.4;41.9;41;3
04/10/2022;31.8;32.8;33.3;30.6;33.5;41.5;49.7;54.5;42.4;36.7;35.8;35.7;41.1;41.7;52;60;69.9;73.3;114.3;90.2;52.4;45.4;41.8;49.6;3
05/10/2022;37.9;35.5;34.3;34.3;35.9;43.7;53.9;55.6;38.2;33.1;31.9;32;34.4;39.6;48.6;60.1;70.5;72.7;114.8;82.8;48.1;42.6;37.3;48.6;3
06/10/2022;32.6;32.8;32.2;31.3;34.6;39.9;44.7;48.9;39.6;36;37.8;41.9;46.7;53.1;56.2;65;76.1;84.3;119.9;94.2;60.3;51.5;46;52.4;3
07/10/2022;41.1;40.5;39.6;38.9;40.2;46.6;52;57.2;45.3;42.7;44.5;47;52.4;57.8;63.7;80.3;97.3;101;148.5;107;64.5;56.2;54.5;61.7;3
08/10/2022;55.7;51.1;46.7;45.8;48;54.9;59.3;59.5;49.2;45.2;48.9;50.1;53.2;62.3;72.8;90.1;111.2;104.6;74;66.6;56.7;55.2;56.4;61.6;3
09/10/2022;55.5;50.5;47;43.7;43;42.7;43.3;44.8;42.6;40.9;41;45.3;49.4;52.7;55.1;65.4;82.5;87.2;79.7;66.6;53.8;52.1;51.3;53.7;3
10/10/2022;50.9;48.5;43.4;40.9;41.4;41.5;42.5;43.2;43.7;42.6;44.1;44.4;50;50.6;51.2;59.9;91;104.1;98.4;84;56.8;52.6;52.3;55.6;3
12/10/2022;44;37.9;31.2;29.2;29.4;33.6;41;43.2;34.4;20.3;9.5;8.7;7.8;8.1;14.5;14.6;24.4;38.6;71.6;72.7;56.9;39.4;34.6;32.4;3
13/10/2022;11.6;9.9;8.7;9.5;10.9;19.1;34;42.4;34.6;24.5;27.7;31.2;38.9;42.3;53.3;81.7;137.7;232.6;325.3;237.2;94.3;60.6;56.6;70.6;3
14/10/2022;47.7;41.1;38.6;37.4;37.5;39.4;49.9;49.9;41.9;40.4;40.3;45;49.1;51.1;57.2;62.8;92.5;103.3;140.4;94.7;65.4;56.6;53;58;3
15/10/2022;44.7;38.5;37.1;36;36.1;38.1;45;44.8;38.1;35.1;34.1;32.5;32.5;39.5;45.5;51;63.8;78.8;117.4;71.3;54.6;47.7;39.4;47.9;3
16/10/2022;36.6;28.2;24.7;28;28.4;31.7;39.9;43.2;38.6;32.4;33.1;35.8;39.9;47;45.6;53.9;95;102.6;126.9;73.8;53;43.8;40.5;48.8;3
17/10/2022;44.6;42.5;40.5;44.3;45.9;48.5;50.4;52.5;49.3;50.3;52.1;57;63.3;66.9;63.1;61;62.2;61.4;65.6;63.9;54.6;53.3;49.4;54;3
18/10/2022;49;43.5;41.2;41.4;43.7;48.1;50.1;50.6;48.4;49.1;48.1;49.2;44.9;41.8;45.9;49.6;55.2;62.6;79.7;91.9;61.2;56;54.3;52.4;3
20/10/2022;44.7;42.2;40.4;41;39.7;50.5;75;76.3;53.5;42.1;41.9;37.4;36.4;37.2;38.2;41.8;43.3;47.7;108;107.7;55.6;45.4;38.3;51.5;3
28/10/2022;-0.1;-1.5;-1.3;-1.1;-0.6;0.2;3.7;6.3;5;1.5;0.6;0.6;1.4;2.7;5.2;8;9.1;28.2;54.1;41.6;26.5;17.9;27.6;10.2;3
29/10/2022;44.8;37.7;37.1;34.9;34.9;38.7;58.9;57.5;32.7;11.8;4;0.1;0;1.4;1.3;1.2;5.4;25.2;44.8;60.1;49.3;46.1;44.7;29.2;3
30/10/2022;57.9;48.5;43.9;42.3;39.8;41.4;40.2;49.8;47.8;40.9;40.7;38.4;38;36.9;38.2;37.1;38.1;43.1;122;131.5;77.2;60.9;58.6;52.7;3
31/10/2022;50.9;47.5;42.6;41.3;39.7;40.8;42.5;45.5;40.1;31.7;32.9;38.6;38.9;38.9;39.2;39.2;46.4;65.7;175.7;150.8;69.1;56.9;49.5;55;3
06/11/2022;39.9;30.4;25.6;24;23.2;23;28.8;32.6;28.5;20.9;20.5;19.8;18.1;14.4;9.3;3.6;1.3;16.6;38.2;22;2.6;-3.4;-5.4;18.9;3
07/11/2022;-1.4;1.9;-2.8;-2.8;-0.8;0;7.1;12.2;12.6;12.3;16.4;17.2;18;19.7;27.1;30.5;49.9;113.3;60.1;37.5;27.4;20.5;16.9;21.4;3
15/11/2022;16.9;18;21.1;29;36.2;40.7;66.8;72.2;45.9;37.6;34.3;30.7;24.3;10.6;5.5;3.6;14.1;55;55.2;48.9;47.6;44.1;40.4;34.7;3
16/11/2022;40.8;38.7;39.6;41.7;45.8;51.9;111.8;97.1;53.4;45.8;45.3;41.9;39.1;38.1;38.3;39.9;51;216.3;137.3;84.9;67.6;60.6;58.8;64.6;3
17/11/2022;55.2;52.7;52.1;53.2;51.5;60.4;151.2;121.7;80.2;65.5;58.9;52.3;45.6;42.3;39.7;39.3;51.6;112.8;109.5;95.8;79.7;66;59.4;69.4;3
18/11/2022;52.7;50.6;48.9;49.2;51.7;57.5;106.5;76;52.1;48.9;40.8;37.8;33.9;33;33.2;34;42.7;103.7;72.1;51.9;48.6;46;43;52.8;3
19/11/2022;38.6;37.2;37.7;39.9;43.6;53.7;76.1;68.6;54.4;53.6;48.9;43.5;38.7;36.8;36.9;38.8;44.6;79;67.5;60.6;59.3;59.5;57.2;51.1;3
20/11/2022;53.1;51.9;51;51;54;57.9;64.3;70.5;73.6;75.2;64.7;60.2;54.6;51.4;49.6;54.2;68.2;143.5;140.1;115.5;114.9;84.3;65.5;72.6;3
21/11/2022;68;64;64.8;62.2;63.6;64;79.7;88.7;82;77.4;59;49.9;46.7;45;45.9;47;55.3;84.2;75.1;67.4;60.9;56.7;56.4;63.6;3
22/11/2022;48.2;48.4;47.8;50;53.7;61.2;91.3;93.7;72.3;58.9;57.9;56.9;50.5;48.5;44.2;43.8;59.8;127;92.5;67.7;59.3;55.5;53.3;62.7;3
23/11/2022;39.1;38.5;39;40.4;46.9;55.9;75.3;75.1;55.8;50.7;48.1;45.2;40;38.4;37.2;37.8;46.8;72;51.7;47.6;45.5;39.6;36.4;47.9;3
24/11/2022;31.3;31.1;32.6;35.1;37.2;45.1;58;56.7;48.9;46.8;40.1;40.4;32.1;28.9;28;26.7;31.8;53.3;32.7;25.1;17.9;15.1;24.6;35.6;3
26/11/2022;36.6;22.9;20.5;23;20.9;23.6;31;37;40.8;41.3;48.7;51.5;50.5;52;53.8;51.1;54;81.3;61.5;60.1;60.1;57.2;57.5;45.1;3
27/11/2022;47.8;47.2;47.9;49.9;52.9;54.7;55.2;62.3;62.6;54.3;46.8;38.9;35.8;33.2;32.3;34.7;50.2;84.5;59.1;47.6;44.9;42.5;34.1;48.7;3
30/11/2022;-2.1;-2.4;-2;-0.7;1.3;6.6;29.8;37.3;12.9;4;2.8;3.3;2.7;-0.4;1.5;6.4;32.7;96.3;60.4;38.5;37.4;32.1;35.8;18.9;3
01/12/2022;39.3;37;40.1;42.6;50.6;50.7;72.8;83.5;55.1;49.2;49.6;45.9;41.2;39.1;37;36.6;46;77.9;68.3;56.8;55;51.3;47.6;51;3
03/12/2022;0.3;0.1;0.4;0.5;0.5;1.9;5.4;8.9;4.5;2.9;3.2;3.4;4;3;2.7;5.2;20;44.4;41.8;43.6;45.4;44.9;49.8;14.6;3
06/12/2022;17.9;14;12.1;18.2;17.5;22.3;27.8;17.9;17.5;13.1;12.2;13.8;15.8;15.4;18.6;19.5;32.1;74.4;39;30;27.2;23.1;40.1;23.4;3
07/12/2022;38.3;35.7;28.2;30.2;33.1;41.8;37.6;37.2;28.9;30.4;31.3;32.5;34.3;33.1;33.7;36.7;56.4;99;59.3;57;48.6;42;40.9;41.1;3
09/12/2022;29.6;27.9;28.5;30.5;31.7;39;47.4;48.3;41;35.8;33.8;34.2;34.5;34.1;33.3;36.5;55.2;119.1;84.2;57.9;52.4;46.2;40.5;44.4;3
10/12/2022;35.7;32.9;32.2;31.4;32.5;39.5;48.5;47.6;44.5;43;43;41;39.6;37.6;37.1;37.2;48.4;67.4;46.7;43.2;43.3;41.8;37.8;41.4;3
11/12/2022;43.1;41.3;39.5;38.9;39.5;40.3;38.8;38.7;37.2;38.6;38.8;37.5;37.2;38.1;39.2;38.9;47.7;70.2;60.4;45.6;44.3;44;48.3;42.9;3
15/12/2022;37;35.3;34;33.6;33.4;38.8;57.8;60;50.9;34.7;30.3;29;28.3;29.8;28.9;37.6;48.7;81.2;78.3;70.3;67.1;64;50.2;46;3
16/12/2022;37.8;37.4;37.8;38.6;41.5;52.9;78.4;92.6;58.5;47.5;41.3;36.9;35.5;35;35;35.3;47.3;75.1;67.8;64.9;59.2;57.8;48.6;50.5;3
17/12/2022;40.1;39.1;39.4;41.4;42.2;54.9;71.8;72.4;50.7;49.2;39.4;37.1;36.6;36.4;36.5;38.1;54.9;74.7;64.7;61.4;57.5;54.6;53.5;49.8;3
23/12/2022;38.6;37.7;37.8;37.4;39.3;43.5;52.9;52.9;42.8;19.3;13.4;10.9;11.4;12.9;13;17.1;32.8;58.8;86.2;95.5;119.7;121.5;90;47.2;3
24/12/2022;78.7;74.7;80.6;93.5;111.1;159;327;461.6;448.1;226.8;165.5;126.1;88.1;71.6;65;66.5;110.6;501.4;535;520.3;512.3;342.5;193.1;233;3
30/01/2023;13.3;15.3;16.6;18.2;18.5;19.2;20.1;20.8;19.6;17.8;17.9;18.2;18.5;18.8;18.5;18;18.1;39.9;34.9;24.4;21.5;20.2;20.1;20.4;3
31/01/2023;20.8;20.6;21.4;22.5;23.9;28.4;33;40.2;39.6;47.9;50;39.8;35.1;32.2;32.2;35.4;47.9;88.7;92.5;77.5;60.9;50.9;37.5;42.6;3
01/02/2023;49.2;41.2;41.4;40.8;46.9;71.3;140.4;172.7;150.1;122.5;103.3;82;63.4;55.1;57.5;59.9;81.6;131.9;169.2;133.2;110.6;76.6;60;89.6;3
02/02/2023;43.6;40.9;41.6;42.5;45.4;56.1;101;117.5;112.1;119.3;112.1;97;72.4;62.8;64.3;65.4;98.3;116.7;127.5;100;89.1;61.9;39.4;79.4;3
24/02/2023;13.7;12.8;12.6;15.1;19.1;23.9;33.9;31.8;19.2;16;16.1;15.8;16.2;16;15;14.7;15.3;23.6;24.6;17.3;13.1;12.7;14.3;17.9;3
25/02/2023;14.4;15.7;17.2;17.9;18.6;23.3;24.9;29.3;23.4;21.1;21.5;21.2;20.7;19.9;20.7;19.7;22;30.1;36.9;32.3;29.4;27.3;26.1;23.2;3
09/03/2023;35.3;32.7;34.4;34.8;37.4;42.3;45.3;38.9;28.3;25.9;26.3;26.8;25.7;26.8;32.9;29.6;36.8;60.3;78.9;59.8;50.7;44.6;44.8;39.1;3
18/03/2023;1.4;0.9;0.8;2.1;4.2;10;20.9;25.6;22.6;16;13.7;16.6;18.4;18.9;18.8;19.1;20.8;24.1;43.1;82;82.4;60.6;61;53.8;3
26/03/2023;21.2;13.1;9.6;6.6;4.5;9.3;13.5;14.7;7.4;0.6;-0.3;0.5;3.6;6.1;9.7;13.6;17.2;20.2;55.2;149.4;138.4;79.2;61.8;47.1;3
27/03/2023;39.2;34.1;32.9;33.6;32;36.9;44.4;45;33.2;20.3;19.3;21.4;21.9;21.2;19.7;15.9;14.6;21.6;59.8;169.8;164.8;67.2;50;46.9;3
29/03/2023;42.6;28.3;20.1;9.3;1.7;6.5;13.6;13.4;11;7.1;6.5;9.9;9.7;13.5;17.3;17.8;22.7;25.3;40.8;97.5;129.8;62.6;59.4;49.4;3
21/04/2023;2.6;0.6;0.9;1;5;22.3;35.1;37.1;19.4;12.7;15.4;20.8;23.2;30;40.9;49.1;76.4;87.4;95.8;212;192.9;92;63.1;39;3
23/04/2023;8.6;5.1;3;4.1;6.1;11.2;12.9;13.7;6.4;3.4;3.9;5.9;10.6;14;17.3;16.4;16.6;14.9;13.2;22.3;18.4;7.9;7.7;9.5;3
24/04/2023;18.6;18.7;18.3;19.5;20.1;21.6;18.9;20.8;21.5;23.2;24.6;26.5;29.2;30.4;31.2;31.6;34.2;44.5;47;67;88.2;51.1;41.9;37.3;3
01/05/2023;35;35.5;28.6;26.3;21.9;21.1;22.6;18.1;12.2;12.7;12.8;12.5;12;12.4;13.1;14.6;15.8;19.1;21.4;34.6;30.6;16.1;14.5;15.7;3
04/05/2023;26.8;26.6;26.8;31.8;33;40.5;49.2;42.1;27.5;19;19;19.5;19.5;23.9;28.2;34.8;49.7;54.5;51.1;83.2;61.2;30.9;19.9;17.1;3
11/05/2023;18.2;15.8;15.6;17.5;20;23.8;31.9;32.5;20.6;18.4;18;17.4;15.7;17.7;16.8;18.4;20.1;21.8;22.7;29.8;39.9;21.1;17.6;19.9;3
14/06/2023;21.5;20.6;19.9;19.3;19.5;20;20.6;18.6;17.4;17.4;19.6;26.8;28.5;33.2;37.8;49.5;52.7;46.5;37.4;44;46.1;27.8;24;20.1;3
16/06/2023;21.1;19.5;18.6;17.4;16.9;18.6;18;17;15.5;18.2;20.5;21.9;25.1;31;34.1;43.3;38.4;35.4;30.3;39.9;48.4;30.8;25.6;20.6;3
18/06/2023;26;22.3;21.3;21.1;20.6;20.8;21.7;20;19.3;22;24.3;28;33.5;49.5;58.1;70.1;67.1;47.8;35.7;42.5;44.4;26.8;26.6;22.9;3
19/06/2023;19.2;17.6;16.8;15.9;16.9;17.7;16.2;15.2;14.4;17.2;20;22.5;33.6;57.8;107.4;204.5;298.8;396.8;273.1;315.3;233.9;49.9;31.4;22.5;3
20/06/2023;21.2;18.9;17.5;15.5;15.2;15.7;13.7;13.3;13.5;17.4;21.2;24.5;36.6;90.5;256.2;404.1;533.7;471.9;327.6;342.4;267.2;71.8;39.5;28.8;3
03/07/2023;31.8;29.5;27.2;26.2;24.8;24.7;20;19.5;18.2;19;23.2;29;35.1;64;150;236.4;287;261.8;162;155;133.6;63.3;39.5;33;3
08/07/2023;21;19.5;18.1;18.1;18.4;20.4;20.3;19.3;17.5;14.1;13.5;16.4;18.6;21.5;23.4;25;23.1;18.5;20.4;37.3;41.9;31.5;28.4;23.2;3
10/07/2023;30.7;25.7;22;20.7;19.6;19.3;21.2;17.6;17.6;19.3;24.3;30;30.9;32;38.5;49.7;62.8;64.5;59;72.9;69.5;36.5;32.3;27.3;3
12/07/2023;26;23.9;24.4;22.4;22.1;22.9;20.1;18.6;18.4;17.5;22;25;27.3;31.5;39.1;50.1;46.4;38.7;40.7;58.4;52.5;37.1;31;24;3
26/07/2023;22.6;20;18;16.9;17.1;18.6;18.3;17.5;14.7;13.5;15.7;23.1;24.5;27.4;35.5;48.3;48.1;38.6;48.1;84.2;70.8;34.4;30.3;24;3
30/07/2023;21.6;20.5;19.3;18.5;17.9;17.9;17.9;17.2;17.3;17.8;23.4;30.6;36.4;47.5;58.9;86.3;109.9;99.7;98.3;165.4;117.4;42.5;33.5;27.1;3
31/07/2023;23.6;19.7;18.9;18;17.8;17.3;15.6;15.2;15;16.5;21.3;27.5;30.5;46.7;57.4;86.5;145;131.5;151.2;303.5;190.8;54.4;39.4;30.7;3
01/08/2023;25.2;22.9;19.9;18.9;19.1;19.6;19.8;19.3;19;22;28.2;44.7;50.3;83.2;161.5;273.4;600.8;426.4;293.8;1018;492.9;66.3;37;29.2;3
02/08/2023;26.8;23.9;20.1;20.2;19.8;20.7;18.5;17.2;17;18.1;20.5;30.9;43.9;64.6;94;117.9;132.4;128.5;103.9;195;144.9;45.9;35.2;29.9;3
03/08/2023;24.7;24;22.3;20.9;21.3;22;21.1;19.6;18.7;17.9;22.3;26.9;35.9;62.4;86.9;113.1;134.1;111.8;120.4;198.9;142.9;47;32.4;28;3
04/08/2023;25.5;22.8;21.8;21.1;21.2;22.6;22.3;22.2;21.1;18.2;21.9;27.2;41.3;71.3;145.9;244.6;293.2;196;197.1;341.2;194.9;50.5;35.7;28.9;3
06/08/2023;25.9;22.2;19.2;17.1;16.7;16.8;15;14.7;14.8;15.2;19.4;23.1;32.6;52.1;91.6;114;145;146.5;167.5;295;183;44.3;32.6;28.1;3
07/08/2023;23.7;20.3;18.9;17.4;16.8;16.4;15.9;15.8;16;17.5;21.1;27.5;37.3;92.6;223.6;562.7;1205.1;1527.8;2016.5;2595.6;1488.9;118.8;38.6;28.5;3
08/08/2023;23.8;21;19.6;18.4;18.8;20.2;22.5;22.2;20.3;21.9;24.7;37.1;59.3;171.1;530.5;935.9;593.7;441.5;321.3;521.3;192.5;52.3;30.4;25.2;3
09/08/2023;27.6;25.9;24.8;24.6;22.1;22.2;22.2;20.3;19.8;19.7;20.5;24.6;30.5;53.3;112.6;182.7;211.8;202.2;193.4;306.2;114.2;38.9;29.4;25.7;3
10/08/2023;23.1;21.1;21.2;20.4;20.4;21.1;19.9;19.5;13.5;8.1;12.5;21.3;28.9;62.6;127.6;209.8;318.4;361.4;471.2;783;291;59;40.6;32.4;3
11/08/2023;27.9;25.6;24.8;23.1;22.9;23.3;23.1;23;21.1;22;30.1;41.3;69.7;191.8;513.1;1040.2;1553.6;1676.1;1607.8;2602;797.6;104.1;38.3;30.2;3
12/08/2023;28.7;25.7;21.8;20.5;20;21.7;21.5;20.8;18.3;15;18.7;26.6;38.7;63.7;184.3;330.1;481.3;398.6;406;746.5;266.3;57.4;35.3;29.8;3
13/08/2023;28.3;25.1;20.8;20.1;20.5;19.4;18.5;17.7;17.3;15.7;18.4;26.6;33.7;64.7;138.8;253.8;351.1;313.8;302.2;598.1;216.4;55.2;38.5;28.9;3
15/08/2023;26.7;24.5;22;21.7;22.6;24.5;26.1;24.7;18.8;14.4;20.2;20.7;23.6;50.7;136.3;283.9;342.8;301.2;376.8;1027.3;324.4;73.9;35.8;31.4;3
17/08/2023;27.6;24.9;22;20.9;20.6;21.2;21.1;20.9;19.3;19.2;20.6;25.6;31.2;53.1;103.8;333.4;496.3;914;1122.2;2005.6;594.4;45.7;30.2;26.1;3
18/08/2023;21.2;18.9;18.2;17.2;17.3;18.6;18.9;18.6;18.1;17.6;22.2;32.5;51.1;274.1;806.4;1880.6;2219.8;2608.2;3015.6;3368.4;1532.3;72.4;39.5;30.3;3
20/08/2023;24.6;21.9;19.6;18.4;18.5;18.9;17.5;16.9;15.7;17.3;21;30.2;40.9;75.7;121.8;202.2;263.1;204;246.3;459.4;191.9;47.4;37.4;29.2;3
21/08/2023;24.6;22.6;21.2;20;19.6;20.1;18;18.1;16.9;19;22.8;32.2;45.5;70.8;96.3;194.7;233.2;262;301.2;1001.6;685.1;135.2;60.8;43.6;3
22/08/2023;46.2;35.5;34;31.2;32.7;36.2;32.2;30.1;26.1;26.3;35.6;50.9;36.3;45.2;62;55.9;63;56.3;77.9;166.8;122.2;42.8;46.1;33;3
23/08/2023;33.3;31.8;30;29.7;29.8;32;36.3;34.4;27.6;30.5;41.1;41.2;52.2;77.5;96.8;110.8;112.6;102;89.8;146.3;113.7;55.2;41;33.6;3
24/08/2023;31.6;29.4;27.7;26.9;27.6;29.8;36.3;33.6;29.8;30;41.2;40.2;53.6;81.2;124.1;199.7;249.4;314.8;708.3;1186.5;774.4;129.8;52.8;45;3
25/08/2023;36;31.9;28.6;28.2;29;31.7;30.3;30.2;25.4;27;30.6;46.3;80.1;213.5;626.8;1107.9;2367.6;2945.6;3249;3906.9;3542.5;448.3;50;37.6;3
26/08/2023;32.4;29.8;27.1;26.4;28;30.4;31;30.1;26.1;27.7;33.8;56.8;102.6;630.1;1478.2;2967.8;3699.8;4024.6;4041.1;4207.4;3648.7;564.4;75.7;43.3;3
27/08/2023;34.7;32.4;29.1;27.4;29.1;29.8;27.4;26.3;23.7;25.7;29.3;42.5;91;229.9;806.3;2096.5;2995.2;3081.8;3183.2;3171.6;1005.9;109.1;55.3;36.7;3
28/08/2023;39.5;33.9;29.3;28.1;27.8;27.7;24.5;22.1;18;19.3;25;31;60.1;176.5;471;1060.9;1989.1;2421.2;2493.3;2630.7;924.9;107.4;53.7;36.9;3
29/08/2023;40;32.5;29.7;28.6;29.7;32.2;32.8;31.4;25.7;26.6;29.1;40.8;55;121.4;252.8;357.6;574.7;695.1;917;484.9;305.2;63.3;45;36.6;3
30/08/2023;38.5;34.6;31.9;29.6;29.7;32.3;34.5;32.4;26.3;26.8;28.2;28.5;30.7;44;66.9;99.1;93.2;128.8;219.4;451.3;193.8;75.3;47.7;39.1;3
31/08/2023;45.3;41.9;37.4;35.3;35.5;37.3;38.4;35.5;26.9;27;30.9;30.2;44.6;107.4;217.4;389.2;443.1;597.3;1758.4;2575.6;836.9;134.1;63.8;51.8;3
01/09/2023;38.2;34.6;32.3;30.6;30.6;31.4;34.5;31.4;23.8;23.9;25.7;30.3;41.6;66.6;129.1;220.8;337.1;330.5;501.5;568.3;190.4;57.6;39.6;33.3;3
02/09/2023;28.5;25.3;24.3;24.8;25.4;27.1;29.4;27.4;19.4;20.8;25.7;34.9;49.5;86.9;129.7;215.9;261.8;217.1;269.9;390;111.4;43.8;36.9;31.9;3
05/09/2023;10.3;11.3;9.4;7.6;10.3;13.3;15.2;16.4;14.9;10;8.9;14.1;20.2;30.4;38.7;67;79.4;94.2;120.5;145.4;43.2;32.5;23.9;23.2;3
06/09/2023;24.6;23.5;22.1;21.7;23;24.7;25.4;23.9;22.2;21.5;25.6;35;62.2;108.9;203.1;314.6;470.3;426.9;693.6;1317.1;279.7;44.2;34.5;29;3
07/09/2023;25.2;23.3;20.7;19.6;20;21.5;22.9;22;18.9;20.5;22.8;28.8;50.1;107.1;255.2;607.1;945.6;1056.1;2246.2;2770.2;413;46.3;29.3;23.7;3
08/09/2023;20.7;18.5;17.3;16.2;17.5;18.2;19.7;19.5;18.2;18.8;21.8;28.7;47.1;249.8;466.4;1003;1487.8;1569;2009.8;2450.2;376.4;41.6;30.5;25.7;3
17/09/2023;35.4;32.6;31.4;30.2;28.7;28.5;29.8;28.3;20.7;19.9;21.9;22.8;26.4;30.4;31.9;37.4;40;50.5;108;153.8;56.7;49.4;38.4;30.7;3
20/09/2023;14.6;11;9.1;8.3;10.1;14.5;19.3;19.4;16.2;14.4;17.3;23.2;29.3;46.3;62;108.8;223.4;223;512.4;311.7;66.9;32.1;25.6;22.9;3
21/09/2023;21;18.7;17.6;17.6;19.1;21.1;24.4;24.1;22.6;23;23.1;26.4;29.9;42;46.5;48.5;43.7;43.3;68.2;69.3;46.1;30.4;29.3;23.8;3
23/09/2023;22.9;21;20.6;19.6;21.2;21.4;19.5;19.8;17.6;14;15.9;24.1;22.7;38;53.3;67.5;101;100.7;152.7;98.5;42.6;28.6;28;24.1;3
24/09/2023;25.5;25.6;24.3;22.5;24;24.1;22.4;22.6;18.9;17.8;21.1;25.8;35.1;49.2;69;103.2;179.6;210.8;300.7;188.2;50.6;32.9;32.8;27.9;3
25/09/2023;26.1;24;23.8;23.5;23.8;25.8;30.9;32;24.5;23.2;25.7;27.7;30.3;42;51.8;71.4;81.9;85.6;134.7;123.5;49;38.7;32.1;25.1;3
26/09/2023;28.2;27.3;26.4;26.2;26.7;31;40.4;40.4;26.3;23.6;24.6;27;33.2;50.9;64.1;99.4;157.9;184;288.9;221.6;58.4;37.8;30;25.6;3
